invoice_id,order_id,customer_id,invoice_date,terms,due_date,amount,paid_date
INV00001,ORD000001,C00366,2025-09-26,Net 30,2025-10-26,231.52,2025-10-29
INV00002,ORD000009,C00488,2025-12-03,Net 30,2026-01-02,185.34,
INV00003,ORD000010,C01181,2025-09-03,Net 60,2025-11-02,99.66,2025-10-27
INV00004,ORD000021,C01088,2026-05-05,Net 30,2026-06-04,29.49,2026-06-17
INV00005,ORD000023,C00082,2026-02-19,Net 30,2026-03-21,346.18,2026-04-05
INV00006,ORD000029,C00614,2025-11-16,Net 60,2026-01-15,144.1,2026-01-23
INV00007,ORD000033,C00876,2026-07-04,Net 60,2026-09-02,114.67,
INV00008,ORD000042,C00679,2025-10-22,Net 60,2025-12-21,82.56,2026-01-01
INV00009,ORD000050,C00970,2025-12-20,Net 30,2026-01-19,169.38,2026-01-18
INV00010,ORD000053,C00399,2026-03-29,Net 60,2026-05-28,220.15,2026-05-30
INV00011,ORD000062,C00041,2026-04-24,Net 30,2026-05-24,322.72,2026-05-26
INV00012,ORD000082,C00392,2026-04-17,Net 60,2026-06-16,54.88,2026-06-27
INV00013,ORD000092,C00583,2025-11-25,Net 30,2025-12-25,222.7,2026-01-04
INV00014,ORD000097,C00204,2026-07-15,Net 30,2026-08-14,31.38,2026-07-25
INV00015,ORD000106,C00906,2026-07-04,Net 30,2026-08-03,239.28,
INV00016,ORD000110,C00947,2025-09-19,Net 60,2025-11-18,141.15,2025-12-03
INV00017,ORD000111,C01021,2025-11-05,Net 60,2026-01-04,171.56,2026-01-19
INV00018,ORD000113,C00029,2025-10-29,Net 30,2025-11-28,100.75,2025-11-28
INV00019,ORD000116,C01041,2026-02-20,Net 30,2026-03-22,341.66,2026-04-03
INV00020,ORD000119,C00785,2026-03-10,Net 60,2026-05-09,22.39,2026-05-07
INV00021,ORD000121,C00680,2026-07-09,Net 30,2026-08-08,42.48,
INV00022,ORD000122,C00936,2026-03-09,Net 60,2026-05-08,88.84,2026-05-09
INV00023,ORD000125,C00141,2025-10-19,Net 30,2025-11-18,49.06,2025-11-25
INV00024,ORD000129,C00844,2025-08-30,Net 30,2025-09-29,367.66,2025-10-06
INV00025,ORD000130,C00494,2026-05-15,Net 30,2026-06-14,292.28,2026-06-16
INV00026,ORD000139,C01028,2026-01-05,Net 60,2026-03-06,177.84,2026-03-06
INV00027,ORD000141,C00750,2025-08-19,Net 30,2025-09-18,14.83,2025-10-02
INV00028,ORD000152,C00421,2026-05-01,Net 30,2026-05-31,97.7,2026-05-29
INV00029,ORD000153,C00443,2025-09-08,Net 30,2025-10-08,24.58,2025-10-05
INV00030,ORD000154,C00006,2026-04-16,Net 60,2026-06-15,176.99,2026-06-22
INV00031,ORD000158,C00089,2025-11-06,Net 30,2025-12-06,228.55,2025-12-10
INV00032,ORD000160,C00304,2026-03-31,Net 30,2026-04-30,125.37,2026-05-12
INV00033,ORD000161,C01199,2025-12-05,Net 30,2026-01-04,329.77,2026-01-18
INV00034,ORD000166,C01151,2026-01-18,Net 30,2026-02-17,129.38,2026-02-12
INV00035,ORD000169,C00464,2026-07-01,Net 30,2026-07-31,154.54,
INV00036,ORD000177,C00632,2025-09-05,Net 30,2025-10-05,199.76,2025-10-08
INV00037,ORD000178,C00113,2026-06-29,Net 60,2026-08-28,31.38,
INV00038,ORD000181,C00472,2026-06-17,Net 30,2026-07-17,443.07,2026-07-20
INV00039,ORD000183,C00829,2026-02-08,Net 30,2026-03-10,227.47,2026-03-19
INV00040,ORD000185,C00821,2025-10-11,Net 30,2025-11-10,367.26,2025-11-23
INV00041,ORD000194,C00354,2026-07-17,Net 30,2026-08-16,54.88,
INV00042,ORD000197,C00792,2025-11-28,Net 60,2026-01-27,47.61,2026-01-30
INV00043,ORD000198,C00290,2026-01-31,Net 30,2026-03-02,102.27,2026-02-27
INV00044,ORD000207,C00284,2025-10-26,Net 30,2025-11-25,145.63,2025-12-07
INV00045,ORD000208,C00256,2025-08-17,Net 30,2025-09-16,349.04,2025-09-28
INV00046,ORD000209,C00302,2025-10-27,Net 60,2025-12-26,213.48,2026-01-09
INV00047,ORD000214,C00011,2026-05-06,Net 30,2026-06-05,50.22,2026-06-16
INV00048,ORD000227,C00547,2025-11-05,Net 30,2025-12-05,49.92,2025-12-15
INV00049,ORD000231,C00328,2026-01-06,Net 30,2026-02-05,88.84,2026-01-29
INV00050,ORD000236,C00793,2026-05-05,Net 60,2026-07-04,184.58,
INV00051,ORD000247,C00346,2026-02-12,Net 30,2026-03-14,151.96,2026-03-06
INV00052,ORD000261,C01151,2025-08-22,Net 30,2025-09-21,83.01,2025-09-27
INV00053,ORD000264,C01043,2025-08-17,Net 30,2025-09-16,89.58,
INV00054,ORD000267,C00689,2026-07-12,Net 30,2026-08-11,280.22,2026-07-25
INV00055,ORD000273,C00666,2025-10-26,Net 30,2025-11-25,338.58,2025-11-18
INV00056,ORD000274,C00726,2025-11-11,Net 30,2025-12-11,319.67,2025-12-17
INV00057,ORD000279,C00557,2025-09-15,Net 30,2025-10-15,63.22,2025-10-12
INV00058,ORD000282,C00324,2026-07-03,Net 60,2026-09-01,275.79,
INV00059,ORD000296,C00448,2025-12-10,Net 30,2026-01-09,35.23,2026-01-13
INV00060,ORD000297,C00915,2026-01-06,Net 60,2026-03-07,116.84,
INV00061,ORD000298,C01100,2026-01-01,Net 30,2026-01-31,29.25,2026-01-28
INV00062,ORD000299,C00905,2026-01-23,Net 60,2026-03-24,41.84,2026-03-29
INV00063,ORD000307,C00261,2025-08-18,Net 30,2025-09-17,213.84,2025-09-27
INV00064,ORD000308,C00777,2025-12-29,Net 30,2026-01-28,54.88,
INV00065,ORD000310,C00033,2025-12-04,Net 30,2026-01-03,10.46,2025-12-28
INV00066,ORD000320,C00391,2026-01-05,Net 30,2026-02-04,263,2026-02-01
INV00067,ORD000321,C00081,2025-10-05,Net 30,2025-11-04,51.78,
INV00068,ORD000331,C01001,2026-06-23,Net 30,2026-07-23,44.19,2026-07-16
INV00069,ORD000332,C00070,2026-02-24,Net 30,2026-03-26,29.49,2026-04-06
INV00070,ORD000337,C01079,2026-06-15,Net 30,2026-07-15,130.72,2026-07-10
INV00071,ORD000342,C00974,2026-06-20,Net 60,2026-08-19,120.3,
INV00072,ORD000345,C00680,2025-12-30,Net 30,2026-01-29,146.88,2026-02-06
INV00073,ORD000353,C00191,2025-09-27,Net 30,2025-10-27,245.88,2025-10-19
INV00074,ORD000363,C00056,2026-01-06,Net 60,2026-03-07,262.6,2026-03-13
INV00075,ORD000367,C00819,2026-02-26,Net 30,2026-03-28,81.24,2026-04-06
INV00076,ORD000369,C01025,2026-05-01,Net 30,2026-05-31,38.63,2026-06-12
INV00077,ORD000383,C00786,2025-08-14,Net 30,2025-09-13,279.18,2025-09-17
INV00078,ORD000384,C00342,2026-03-09,Net 30,2026-04-08,192.16,2026-04-08
INV00079,ORD000388,C00592,2026-06-22,Net 60,2026-08-21,113.68,
INV00080,ORD000389,C01047,2026-02-17,Net 30,2026-03-19,30.19,2026-03-26
INV00081,ORD000393,C00719,2025-08-26,Net 60,2025-10-25,264.98,2025-11-04
INV00082,ORD000413,C00337,2026-01-04,Net 60,2026-03-05,166.1,2026-03-15
INV00083,ORD000414,C00907,2026-04-07,Net 60,2026-06-06,43.02,2026-06-11
INV00084,ORD000424,C00417,2025-11-25,Net 30,2025-12-25,132.57,2025-12-31
INV00085,ORD000431,C00342,2025-11-19,Net 30,2025-12-19,60.86,
INV00086,ORD000436,C00095,2026-07-24,Net 60,2026-09-22,151.91,
INV00087,ORD000438,C00497,2025-07-29,Net 30,2025-08-28,162.46,2025-08-27
INV00088,ORD000444,C01163,2026-02-19,Net 30,2026-03-21,99.84,2026-03-25
INV00089,ORD000462,C00511,2025-11-20,Net 30,2025-12-20,368.52,2025-12-31
INV00090,ORD000464,C00449,2026-06-04,Net 30,2026-07-04,65.75,
INV00091,ORD000476,C00067,2026-07-02,Net 30,2026-08-01,105.69,
INV00092,ORD000477,C00453,2025-09-16,Net 30,2025-10-16,139.44,2025-10-15
INV00093,ORD000482,C00769,2026-05-10,Net 60,2026-07-09,99.06,2026-07-20
INV00094,ORD000496,C00466,2026-02-07,Net 30,2026-03-09,404.28,2026-03-19
INV00095,ORD000497,C00483,2026-01-31,Net 30,2026-03-02,29.95,2026-03-13
INV00096,ORD000498,C01170,2025-10-31,Net 30,2025-11-30,265.86,2025-11-23
INV00097,ORD000502,C00668,2025-08-14,Net 60,2025-10-13,234.84,2025-10-26
INV00098,ORD000512,C00827,2025-09-14,Net 30,2025-10-14,27.39,2025-10-11
INV00099,ORD000517,C01130,2026-01-13,Net 30,2026-02-12,94.92,2026-02-17
INV00100,ORD000522,C00814,2025-07-29,Net 30,2025-08-28,283.25,2025-08-20
INV00101,ORD000531,C00246,2026-06-15,Net 30,2026-07-15,193.02,
INV00102,ORD000537,C00409,2025-09-13,Net 30,2025-10-13,99.61,2025-10-06
INV00103,ORD000547,C00242,2025-12-11,Net 60,2026-02-09,124.48,2026-02-03
INV00104,ORD000548,C00410,2025-10-15,Net 30,2025-11-14,209.3,2025-11-14
INV00105,ORD000559,C00989,2026-03-24,Net 30,2026-04-23,348.15,2026-05-01
INV00106,ORD000566,C00918,2025-09-27,Net 30,2025-10-27,193.92,
INV00107,ORD000570,C00969,2026-07-03,Net 30,2026-08-02,188.14,
INV00108,ORD000576,C00887,2025-12-02,Net 30,2026-01-01,233.37,2026-01-13
INV00109,ORD000579,C00643,2026-01-01,Net 60,2026-03-02,317.9,2026-03-17
INV00110,ORD000581,C01169,2026-04-12,Net 30,2026-05-12,144.48,2026-05-05
INV00111,ORD000587,C00111,2025-09-25,Net 30,2025-10-25,35.32,2025-11-03
INV00112,ORD000588,C00908,2026-05-27,Net 30,2026-06-26,55.34,2026-06-27
INV00113,ORD000590,C00245,2025-09-05,Net 60,2025-11-04,415.45,2025-11-16
INV00114,ORD000593,C00451,2025-08-10,Net 30,2025-09-09,27.39,2025-09-20
INV00115,ORD000594,C00327,2026-06-24,Net 30,2026-07-24,305.82,2026-07-25
INV00116,ORD000596,C00019,2025-10-20,Net 30,2025-11-19,154.52,2025-11-21
INV00117,ORD000599,C01042,2026-07-17,Net 30,2026-08-16,97.54,2026-07-25
INV00118,ORD000601,C01093,2025-12-08,Net 30,2026-01-07,39.16,2025-12-30
INV00119,ORD000610,C00605,2025-10-09,Net 30,2025-11-08,192,2025-11-15
INV00120,ORD000612,C01122,2025-11-30,Net 30,2025-12-30,30.24,2026-01-01
INV00121,ORD000615,C00112,2025-08-21,Net 30,2025-09-20,70.61,2025-09-23
INV00122,ORD000618,C00627,2025-12-09,Net 30,2026-01-08,293.49,2026-01-20
INV00123,ORD000623,C01186,2026-06-18,Net 30,2026-07-18,256.17,
INV00124,ORD000624,C01106,2026-02-19,Net 60,2026-04-20,96.29,2026-04-23
INV00125,ORD000625,C00596,2025-12-01,Net 30,2025-12-31,28.42,2025-12-30
INV00126,ORD000630,C00740,2025-11-04,Net 30,2025-12-04,252.67,2025-11-27
INV00127,ORD000634,C00576,2025-08-09,Net 30,2025-09-08,44.42,
INV00128,ORD000638,C00330,2025-12-07,Net 30,2026-01-06,35.03,2026-01-20
INV00129,ORD000639,C00301,2026-05-04,Net 30,2026-06-03,29.25,2026-06-14
INV00130,ORD000642,C00373,2026-01-11,Net 30,2026-02-10,162.76,2026-02-14
INV00131,ORD000644,C01033,2026-02-09,Net 60,2026-04-10,270.81,2026-04-08
INV00132,ORD000645,C00080,2025-09-08,Net 30,2025-10-08,248.9,2025-10-02
INV00133,ORD000649,C01114,2025-10-07,Net 60,2025-12-06,66.64,2025-12-18
INV00134,ORD000650,C01071,2025-11-01,Net 30,2025-12-01,27.39,2025-12-08
INV00135,ORD000652,C00520,2026-04-27,Net 30,2026-05-27,267.33,2026-06-04
INV00136,ORD000653,C00565,2026-01-11,Net 30,2026-02-10,262.32,2026-02-16
INV00137,ORD000654,C01137,2025-07-26,Net 60,2025-09-24,143.55,2025-09-22
INV00138,ORD000656,C00821,2026-07-20,Net 60,2026-09-18,87.85,
INV00139,ORD000666,C00149,2025-12-14,Net 30,2026-01-13,288.72,2026-01-14
INV00140,ORD000675,C00014,2026-06-20,Net 60,2026-08-19,446.65,
INV00141,ORD000680,C00532,2026-02-07,Net 30,2026-03-09,146.55,2026-03-07
INV00142,ORD000684,C00469,2025-11-29,Net 30,2025-12-29,131.5,2026-01-09
INV00143,ORD000685,C00886,2025-12-29,Net 30,2026-01-28,140.62,2026-02-05
INV00144,ORD000691,C01180,2026-01-05,Net 60,2026-03-06,272.37,2026-03-07
INV00145,ORD000699,C00319,2026-03-22,Net 30,2026-04-21,126.21,2026-05-05
INV00146,ORD000702,C00912,2025-12-30,Net 60,2026-02-28,88.38,2026-02-22
INV00147,ORD000703,C00936,2026-02-23,Net 30,2026-03-25,357.45,2026-04-01
INV00148,ORD000704,C00466,2026-06-14,Net 30,2026-07-14,127.44,2026-07-20
INV00149,ORD000706,C00280,2025-11-21,Net 30,2025-12-21,142.31,2026-01-04
INV00150,ORD000711,C00557,2026-03-08,Net 60,2026-05-07,177.35,
INV00151,ORD000727,C00318,2026-04-07,Net 30,2026-05-07,125.04,2026-05-05
INV00152,ORD000732,C00604,2026-03-28,Net 30,2026-04-27,289.91,2026-04-23
INV00153,ORD000735,C00777,2025-08-31,Net 30,2025-09-30,328.4,2025-09-26
INV00154,ORD000737,C00580,2026-05-13,Net 30,2026-06-12,94.69,2026-06-23
INV00155,ORD000738,C00137,2025-10-25,Net 30,2025-11-24,83.58,2025-11-25
INV00156,ORD000743,C00545,2025-10-11,Net 30,2025-11-10,80.13,2025-11-23
INV00157,ORD000745,C01144,2025-08-04,Net 30,2025-09-03,208.51,2025-09-12
INV00158,ORD000747,C00692,2025-10-29,Net 30,2025-11-28,301.44,2025-12-06
INV00159,ORD000763,C00402,2025-12-28,Net 30,2026-01-27,389,2026-02-06
INV00160,ORD000769,C00303,2026-07-07,Net 30,2026-08-06,176.52,
INV00161,ORD000771,C00434,2026-06-25,Net 60,2026-08-24,132.57,
INV00162,ORD000772,C00990,2026-05-21,Net 30,2026-06-20,99.6,2026-07-01
INV00163,ORD000776,C01089,2026-01-07,Net 30,2026-02-06,95.4,2026-02-02
INV00164,ORD000777,C00938,2025-10-18,Net 30,2025-11-17,107.06,2025-11-26
INV00165,ORD000782,C00313,2026-01-22,Net 30,2026-02-21,130.32,2026-02-23
INV00166,ORD000788,C01162,2025-09-11,Net 30,2025-10-11,188.45,2025-10-16
INV00167,ORD000794,C00780,2026-02-17,Net 60,2026-04-18,193.93,2026-04-18
INV00168,ORD000819,C00435,2025-10-30,Net 30,2025-11-29,77.67,2025-11-25
INV00169,ORD000824,C00647,2026-05-24,Net 30,2026-06-23,114.2,2026-06-20
INV00170,ORD000826,C00340,2026-01-30,Net 30,2026-03-01,233.98,2026-03-10
INV00171,ORD000830,C00052,2026-01-12,Net 60,2026-03-13,147.73,2026-03-05
INV00172,ORD000845,C00529,2026-04-21,Net 30,2026-05-21,66.53,2026-05-20
INV00173,ORD000848,C01177,2025-10-17,Net 30,2025-11-16,35.03,2025-11-20
INV00174,ORD000851,C00326,2025-12-31,Net 30,2026-01-30,66.65,2026-02-04
INV00175,ORD000852,C00883,2025-12-01,Net 30,2025-12-31,178.95,2026-01-13
INV00176,ORD000855,C00777,2026-01-03,Net 60,2026-03-04,134.52,2026-02-25
INV00177,ORD000858,C00624,2026-06-14,Net 60,2026-08-13,84.89,
INV00178,ORD000859,C01046,2026-01-05,Net 60,2026-03-06,213.84,2026-03-17
INV00179,ORD000860,C00109,2025-12-24,Net 30,2026-01-23,146.55,2026-01-18
INV00180,ORD000862,C00808,2026-05-20,Net 30,2026-06-19,269.56,2026-06-25
INV00181,ORD000868,C00922,2026-05-19,Net 30,2026-06-18,268.06,2026-07-02
INV00182,ORD000869,C00016,2026-03-06,Net 60,2026-05-05,269.22,2026-04-30
INV00183,ORD000871,C00573,2026-01-27,Net 60,2026-03-28,54.78,2026-03-23
INV00184,ORD000875,C00347,2026-05-14,Net 30,2026-06-13,242.73,2026-06-27
INV00185,ORD000878,C00310,2026-07-07,Net 60,2026-09-05,325.42,
INV00186,ORD000887,C00400,2026-07-09,Net 30,2026-08-08,83.5,
INV00187,ORD000903,C00081,2026-06-17,Net 30,2026-07-17,119.74,2026-07-24
INV00188,ORD000909,C00306,2025-08-05,Net 30,2025-09-04,200.94,2025-09-14
INV00189,ORD000920,C00369,2026-06-27,Net 30,2026-07-27,116.23,2026-07-21
INV00190,ORD000921,C00483,2026-01-21,Net 30,2026-02-20,27.52,2026-02-15
INV00191,ORD000922,C00742,2025-10-04,Net 60,2025-12-03,192.65,2025-12-02
INV00192,ORD000935,C00349,2026-05-14,Net 30,2026-06-13,379.34,2026-06-23
INV00193,ORD000938,C00011,2025-10-31,Net 60,2025-12-30,104.08,2026-01-05
INV00194,ORD000946,C00084,2025-12-08,Net 30,2026-01-07,104.19,2026-01-14
INV00195,ORD000947,C00420,2025-10-21,Net 60,2025-12-20,24.58,2026-01-04
INV00196,ORD000948,C00233,2026-04-04,Net 60,2026-06-03,364.77,2026-05-26
INV00197,ORD000949,C00867,2025-08-21,Net 30,2025-09-20,112.5,2025-09-27
INV00198,ORD000957,C01086,2026-06-16,Net 60,2026-08-15,230.4,
INV00199,ORD000961,C00260,2025-10-26,Net 30,2025-11-25,148.38,2025-12-08
INV00200,ORD000962,C00072,2025-09-13,Net 60,2025-11-12,234.39,
INV00201,ORD000963,C00618,2026-01-25,Net 30,2026-02-24,66.96,
INV00202,ORD000968,C00400,2026-01-22,Net 60,2026-03-23,203.02,
INV00203,ORD000969,C00913,2026-04-23,Net 60,2026-06-22,303.24,2026-07-03
INV00204,ORD000974,C00177,2026-03-18,Net 30,2026-04-17,31.38,2026-04-27
INV00205,ORD000978,C00623,2025-09-08,Net 30,2025-10-08,245.34,2025-10-15
INV00206,ORD000985,C00158,2025-08-04,Net 30,2025-09-03,247.57,2025-08-30
INV00207,ORD000992,C01072,2025-12-27,Net 60,2026-02-25,159.84,2026-02-26
INV00208,ORD001006,C00835,2026-06-21,Net 30,2026-07-21,178.16,
INV00209,ORD001017,C00704,2026-01-08,Net 30,2026-02-07,372.47,2026-02-01
INV00210,ORD001021,C01105,2026-02-07,Net 30,2026-03-09,330.85,2026-03-02
INV00211,ORD001033,C00439,2026-07-07,Net 30,2026-08-06,78.14,
INV00212,ORD001035,C01088,2026-01-20,Net 30,2026-02-19,138.47,2026-02-15
INV00213,ORD001038,C01023,2026-01-11,Net 30,2026-02-10,85.26,2026-02-04
INV00214,ORD001039,C00889,2025-10-02,Net 30,2025-11-01,214.08,2025-11-03
INV00215,ORD001059,C00136,2026-06-13,Net 30,2026-07-13,95.59,
INV00216,ORD001065,C00469,2025-10-28,Net 30,2025-11-27,56.84,2025-12-01
INV00217,ORD001067,C00533,2026-01-22,Net 30,2026-02-21,129.06,2026-03-08
INV00218,ORD001075,C00121,2026-06-21,Net 60,2026-08-20,24.58,
INV00219,ORD001079,C00887,2025-10-16,Net 30,2025-11-15,17.66,2025-11-24
INV00220,ORD001086,C00994,2026-03-14,Net 60,2026-05-13,70.69,2026-05-18
INV00221,ORD001089,C01169,2025-11-10,Net 60,2026-01-09,22.39,
INV00222,ORD001107,C00168,2026-01-16,Net 60,2026-03-17,264.38,2026-03-09
INV00223,ORD001110,C00532,2025-08-31,Net 30,2025-09-30,295.91,2025-10-03
INV00224,ORD001120,C01000,2026-01-25,Net 30,2026-02-24,29.49,2026-03-11
INV00225,ORD001125,C00960,2026-05-11,Net 30,2026-06-10,98.12,2026-06-17
INV00226,ORD001128,C01008,2025-12-09,Net 60,2026-02-07,89.56,2026-02-12
INV00227,ORD001134,C00209,2025-10-23,Net 30,2025-11-22,95.68,2025-11-18
INV00228,ORD001139,C00864,2025-09-10,Net 30,2025-10-10,167.16,2025-10-13
INV00229,ORD001145,C00301,2025-10-08,Net 60,2025-12-07,255.68,2025-12-04
INV00230,ORD001148,C00698,2026-01-30,Net 30,2026-03-01,101.13,2026-02-22
INV00231,ORD001156,C00825,2025-09-03,Net 30,2025-10-03,465.72,2025-10-11
INV00232,ORD001161,C00594,2025-12-13,Net 60,2026-02-11,54.78,2026-02-25
INV00233,ORD001166,C00635,2026-02-18,Net 30,2026-03-20,366.18,2026-03-28
INV00234,ORD001168,C00839,2025-11-09,Net 30,2025-12-09,212.05,2025-12-11
INV00235,ORD001170,C00175,2025-08-16,Net 30,2025-09-15,56.14,2025-09-07
INV00236,ORD001171,C01069,2026-02-25,Net 30,2026-03-27,49.53,2026-03-27
INV00237,ORD001175,C00650,2026-03-30,Net 60,2026-05-29,45.18,2026-06-08
INV00238,ORD001176,C00345,2026-06-28,Net 30,2026-07-28,62.08,
INV00239,ORD001192,C01002,2026-06-25,Net 30,2026-07-25,63.77,
INV00240,ORD001197,C00429,2025-12-28,Net 60,2026-02-26,103.56,2026-03-08
INV00241,ORD001211,C00107,2025-09-10,Net 60,2025-11-09,294.72,2025-11-24
INV00242,ORD001215,C00397,2026-03-18,Net 30,2026-04-17,478.01,2026-04-24
INV00243,ORD001221,C01160,2026-02-13,Net 30,2026-03-15,235.59,2026-03-22
INV00244,ORD001239,C00075,2026-03-25,Net 30,2026-04-24,99.88,2026-04-18
INV00245,ORD001241,C00322,2025-11-05,Net 60,2026-01-04,59.45,2026-01-18
INV00246,ORD001255,C00066,2026-01-24,Net 60,2026-03-25,66.63,2026-04-01
INV00247,ORD001256,C01176,2025-11-16,Net 30,2025-12-16,98.97,2025-12-30
INV00248,ORD001257,C00792,2025-08-07,Net 30,2025-09-06,49.53,2025-09-05
INV00249,ORD001259,C00364,2025-11-14,Net 30,2025-12-14,140.92,2025-12-29
INV00250,ORD001264,C00857,2026-01-18,Net 30,2026-02-17,99.24,2026-02-17
INV00251,ORD001266,C00416,2026-04-18,Net 30,2026-05-18,199.99,2026-05-31
INV00252,ORD001268,C00081,2026-07-19,Net 30,2026-08-18,274.8,
INV00253,ORD001269,C00359,2025-11-05,Net 60,2026-01-04,252,2026-01-04
INV00254,ORD001272,C00249,2026-03-25,Net 30,2026-04-24,124.67,
INV00255,ORD001274,C00092,2026-04-08,Net 30,2026-05-08,130.42,2026-05-02
INV00256,ORD001279,C00206,2025-09-08,Net 60,2025-11-07,24.53,2025-11-12
INV00257,ORD001280,C00801,2026-02-22,Net 60,2026-04-23,19.58,
INV00258,ORD001282,C00443,2026-04-03,Net 30,2026-05-03,155.7,2026-04-29
INV00259,ORD001292,C01024,2025-11-22,Net 60,2026-01-21,88.38,2026-01-13
INV00260,ORD001295,C00028,2026-06-11,Net 60,2026-08-10,16.74,
INV00261,ORD001319,C00165,2025-10-31,Net 30,2025-11-30,195.54,2025-12-05
INV00262,ORD001320,C01092,2025-08-05,Net 60,2025-10-04,243.43,2025-10-02
INV00263,ORD001325,C00226,2026-06-25,Net 30,2026-07-25,155.78,2026-07-25
INV00264,ORD001330,C00086,2026-04-13,Net 60,2026-06-12,10.46,2026-06-17
INV00265,ORD001333,C00118,2026-03-06,Net 30,2026-04-05,137.57,2026-04-11
INV00266,ORD001335,C00573,2026-05-18,Net 30,2026-06-17,351.2,2026-06-25
INV00267,ORD001347,C00386,2026-03-29,Net 30,2026-04-28,250,2026-05-13
INV00268,ORD001351,C00581,2026-01-24,Net 30,2026-02-23,163.65,2026-02-15
INV00269,ORD001362,C00889,2026-04-21,Net 30,2026-05-21,29.66,2026-05-18
INV00270,ORD001367,C00371,2026-06-06,Net 60,2026-08-05,228.36,
INV00271,ORD001372,C00423,2025-08-29,Net 30,2025-09-28,210.85,2025-09-20
INV00272,ORD001375,C00912,2025-11-28,Net 60,2026-01-27,120.76,
INV00273,ORD001379,C00865,2026-06-26,Net 30,2026-07-26,146.55,
INV00274,ORD001384,C00834,2026-06-28,Net 60,2026-08-27,12.29,
INV00275,ORD001388,C00556,2025-08-16,Net 30,2025-09-15,145,2025-09-24
INV00276,ORD001390,C00319,2026-02-12,Net 30,2026-03-14,298.26,2026-03-22
INV00277,ORD001395,C01010,2026-03-25,Net 30,2026-04-24,99.84,2026-05-03
INV00278,ORD001408,C00552,2026-01-30,Net 30,2026-03-01,169.92,2026-03-05
INV00279,ORD001418,C00372,2026-02-24,Net 30,2026-03-26,92.52,2026-03-21
INV00280,ORD001421,C00409,2025-12-31,Net 30,2026-01-30,117.96,2026-02-01
INV00281,ORD001433,C00712,2026-07-23,Net 30,2026-08-22,92.4,
INV00282,ORD001439,C00933,2026-01-03,Net 60,2026-03-04,186,2026-03-01
INV00283,ORD001440,C00244,2026-06-15,Net 30,2026-07-15,49.94,2026-07-20
INV00284,ORD001441,C00488,2026-01-29,Net 60,2026-03-30,240.6,2026-04-01
INV00285,ORD001443,C00756,2025-10-28,Net 30,2025-11-27,296.22,2025-11-29
INV00286,ORD001444,C00604,2026-01-19,Net 30,2026-02-18,106.75,2026-02-14
INV00287,ORD001446,C01129,2025-09-20,Net 30,2025-10-20,84.96,2025-10-30
INV00288,ORD001459,C00548,2026-05-28,Net 60,2026-07-27,155.76,2026-07-23
INV00289,ORD001475,C00863,2026-04-08,Net 60,2026-06-07,20.92,2026-06-18
INV00290,ORD001480,C00853,2026-02-20,Net 30,2026-03-22,190.8,2026-03-29
INV00291,ORD001483,C00356,2025-12-02,Net 30,2026-01-01,154.33,2026-01-02
INV00292,ORD001484,C01028,2026-02-25,Net 30,2026-03-27,229.01,2026-04-06
INV00293,ORD001491,C00414,2026-06-28,Net 30,2026-07-28,205.04,
INV00294,ORD001492,C00991,2025-10-07,Net 30,2025-11-06,88.47,2025-11-15
INV00295,ORD001520,C00797,2025-12-01,Net 30,2025-12-31,97.7,2026-01-15
INV00296,ORD001524,C00341,2026-06-19,Net 30,2026-07-19,187.29,2026-07-25
INV00297,ORD001526,C00256,2025-09-02,Net 60,2025-11-01,399.37,2025-11-15
INV00298,ORD001527,C00873,2026-02-15,Net 60,2026-04-16,352.85,2026-04-17
INV00299,ORD001529,C00204,2026-01-19,Net 60,2026-03-20,31.61,2026-03-22
INV00300,ORD001532,C00781,2025-09-19,Net 30,2025-10-19,103.56,
INV00301,ORD001541,C00314,2025-12-04,Net 30,2026-01-03,56.14,2025-12-27
INV00302,ORD001542,C00784,2026-03-25,Net 60,2026-05-24,167.16,2026-05-29
INV00303,ORD001546,C00212,2025-08-26,Net 30,2025-09-25,28.42,2025-09-23
INV00304,ORD001552,C01120,2026-02-18,Net 30,2026-03-20,29.25,2026-03-15
INV00305,ORD001561,C00519,2026-02-21,Net 30,2026-03-23,187.69,2026-04-06
INV00306,ORD001566,C00864,2026-03-28,Net 30,2026-04-27,230.85,2026-05-04
INV00307,ORD001570,C00010,2025-10-22,Net 60,2025-12-21,63.89,2025-12-29
INV00308,ORD001571,C01081,2026-05-12,Net 60,2026-07-11,12.29,2026-07-11
INV00309,ORD001578,C00011,2026-06-29,Net 30,2026-07-29,231.49,
INV00310,ORD001581,C00847,2025-09-28,Net 60,2025-11-27,218.02,2025-11-26
INV00311,ORD001593,C00883,2026-01-09,Net 30,2026-02-08,167.4,2026-02-13
INV00312,ORD001595,C00566,2025-10-28,Net 30,2025-11-27,282.09,2025-11-20
INV00313,ORD001608,C00043,2026-03-23,Net 30,2026-04-22,44.78,2026-04-19
INV00314,ORD001611,C00359,2026-02-04,Net 30,2026-03-06,175.21,2026-03-20
INV00315,ORD001613,C00252,2026-03-09,Net 30,2026-04-08,109.79,
INV00316,ORD001624,C00376,2026-06-03,Net 60,2026-08-02,217.08,
INV00317,ORD001635,C00199,2025-11-19,Net 30,2025-12-19,10.46,2025-12-16
INV00318,ORD001638,C00900,2026-04-20,Net 30,2026-05-20,189.46,2026-06-01
INV00319,ORD001658,C01120,2026-04-07,Net 60,2026-06-06,24.58,2026-06-11
INV00320,ORD001659,C01017,2025-12-26,Net 30,2026-01-25,41.84,2026-01-21
INV00321,ORD001660,C00722,2025-11-09,Net 30,2025-12-09,190.6,2025-12-22
INV00322,ORD001666,C00965,2026-05-11,Net 30,2026-06-10,65.9,2026-06-02
INV00323,ORD001698,C00163,2026-03-26,Net 30,2026-04-25,246.74,2026-04-19
INV00324,ORD001701,C00650,2025-11-22,Net 30,2025-12-22,97.7,2026-01-06
INV00325,ORD001703,C00481,2026-01-13,Net 30,2026-02-12,171.73,2026-02-23
INV00326,ORD001710,C00067,2026-07-14,Net 60,2026-09-12,331.62,
INV00327,ORD001711,C00249,2025-11-17,Net 30,2025-12-17,310.32,2025-12-18
INV00328,ORD001715,C00472,2025-10-02,Net 30,2025-11-01,105.16,
INV00329,ORD001716,C00502,2025-10-11,Net 60,2025-12-10,198.21,2025-12-03
INV00330,ORD001718,C00304,2026-05-27,Net 30,2026-06-26,350.4,
INV00331,ORD001731,C01042,2026-01-29,Net 30,2026-02-28,16.74,2026-03-10
INV00332,ORD001732,C01102,2026-06-04,Net 30,2026-07-04,125.28,
INV00333,ORD001742,C00439,2026-05-14,Net 30,2026-06-13,49.92,2026-06-28
INV00334,ORD001744,C00481,2026-06-25,Net 60,2026-08-24,239.54,
INV00335,ORD001749,C00844,2026-06-19,Net 30,2026-07-19,157.37,2026-07-25
INV00336,ORD001753,C00423,2025-08-30,Net 60,2025-10-29,191.31,2025-11-13
INV00337,ORD001758,C00815,2026-02-19,Net 30,2026-03-21,182.69,2026-03-19
INV00338,ORD001761,C00851,2025-12-16,Net 30,2026-01-15,62.64,2026-01-13
INV00339,ORD001767,C00051,2025-12-20,Net 60,2026-02-18,310.44,2026-02-23
INV00340,ORD001768,C00224,2026-06-10,Net 60,2026-08-09,130.79,
INV00341,ORD001770,C01161,2026-07-26,Net 30,2026-08-25,117.96,
INV00342,ORD001772,C00833,2025-09-06,Net 30,2025-10-06,131.5,2025-10-01
INV00343,ORD001773,C01001,2026-04-14,Net 30,2026-05-14,300.28,2026-05-17
INV00344,ORD001774,C01137,2025-10-24,Net 30,2025-11-23,177.08,2025-11-26
INV00345,ORD001791,C00241,2025-11-20,Net 60,2026-01-19,195.4,2026-01-15
INV00346,ORD001793,C00439,2025-12-31,Net 30,2026-01-30,131.5,2026-01-25
INV00347,ORD001808,C00719,2025-12-17,Net 60,2026-02-15,49.16,2026-02-15
INV00348,ORD001809,C00177,2026-04-12,Net 30,2026-05-12,103.64,2026-05-24
INV00349,ORD001813,C00647,2026-01-04,Net 30,2026-02-03,231.38,2026-02-01
INV00350,ORD001816,C00790,2026-05-04,Net 60,2026-07-03,88.38,2026-07-02
INV00351,ORD001820,C00070,2026-04-06,Net 60,2026-06-05,157.47,2026-05-31
INV00352,ORD001823,C00935,2026-02-01,Net 30,2026-03-03,221.24,2026-03-01
INV00353,ORD001825,C00221,2025-12-31,Net 60,2026-03-01,270.52,2026-03-08
INV00354,ORD001826,C00059,2026-07-25,Net 60,2026-09-23,70.06,
INV00355,ORD001846,C00748,2025-11-10,Net 30,2025-12-10,190.8,2025-12-17
INV00356,ORD001847,C00786,2025-10-07,Net 30,2025-11-06,318.78,2025-11-05
INV00357,ORD001855,C01166,2026-04-01,Net 30,2026-05-01,137.35,2026-05-10
INV00358,ORD001865,C00797,2026-03-02,Net 30,2026-04-01,85.72,2026-03-26
INV00359,ORD001867,C00349,2025-08-21,Net 30,2025-09-20,171.23,2025-09-18
INV00360,ORD001870,C01198,2026-02-26,Net 30,2026-03-28,168.42,2026-03-26
INV00361,ORD001871,C00884,2025-10-14,Net 30,2025-11-13,245.62,2025-11-19
INV00362,ORD001886,C00963,2025-09-20,Net 60,2025-11-19,95.98,2025-12-03
INV00363,ORD001887,C01094,2025-09-14,Net 30,2025-10-14,214.61,2025-10-21
INV00364,ORD001894,C00074,2026-06-27,Net 30,2026-07-27,66.63,
INV00365,ORD001898,C00621,2025-12-12,Net 60,2026-02-10,46.26,2026-02-23
INV00366,ORD001900,C01027,2026-05-28,Net 30,2026-06-27,250.45,2026-06-25
INV00367,ORD001906,C01071,2025-11-06,Net 30,2025-12-06,41.16,2025-12-11
INV00368,ORD001912,C00998,2025-09-08,Net 30,2025-10-08,215.23,2025-10-12
INV00369,ORD001929,C00963,2026-07-13,Net 60,2026-09-11,168.28,
INV00370,ORD001933,C00410,2025-11-20,Net 60,2026-01-19,303.81,2026-01-17
INV00371,ORD001934,C01088,2026-01-19,Net 30,2026-02-18,92.22,2026-03-05
INV00372,ORD001937,C00048,2025-08-18,Net 30,2025-09-17,110.08,2025-09-25
INV00373,ORD001941,C00231,2026-01-07,Net 30,2026-02-06,242.79,2026-02-20
INV00374,ORD001944,C00602,2026-02-01,Net 30,2026-03-03,224.56,2026-03-10
INV00375,ORD001947,C00938,2026-01-14,Net 30,2026-02-13,189.83,2026-02-19
INV00376,ORD001949,C00081,2026-07-10,Net 30,2026-08-09,132.57,
INV00377,ORD001955,C01185,2025-09-13,Net 30,2025-10-13,156.97,2025-10-18
INV00378,ORD001956,C00734,2025-11-09,Net 30,2025-12-09,291.24,2025-12-16
INV00379,ORD001970,C00198,2026-01-09,Net 30,2026-02-08,180.54,2026-02-01
INV00380,ORD001971,C00266,2025-09-02,Net 30,2025-10-02,49.94,2025-10-05
INV00381,ORD001976,C00985,2026-04-06,Net 30,2026-05-06,198.02,2026-05-05
INV00382,ORD001983,C00374,2025-10-17,Net 30,2025-11-16,114.48,2025-11-13
INV00383,ORD001985,C00472,2026-01-17,Net 30,2026-02-16,173.34,2026-02-11
INV00384,ORD001986,C00464,2026-07-05,Net 60,2026-09-03,284.47,
INV00385,ORD002003,C00202,2026-04-18,Net 60,2026-06-17,257.81,2026-06-18
INV00386,ORD002014,C01148,2026-05-08,Net 30,2026-06-07,112.53,2026-06-16
INV00387,ORD002022,C01190,2026-03-01,Net 30,2026-03-31,173.74,2026-04-11
INV00388,ORD002025,C00643,2025-09-11,Net 60,2025-11-10,70.46,2025-11-04
INV00389,ORD002027,C00109,2025-12-10,Net 30,2026-01-09,418.48,2026-01-04
INV00390,ORD002029,C00118,2026-04-10,Net 30,2026-05-10,157.8,2026-05-04
INV00391,ORD002032,C01041,2026-01-06,Net 30,2026-02-05,97.95,2026-02-04
INV00392,ORD002034,C00848,2026-07-16,Net 60,2026-09-14,94.64,
INV00393,ORD002045,C00080,2025-09-24,Net 30,2025-10-24,184.35,2025-10-19
INV00394,ORD002046,C01062,2026-04-07,Net 30,2026-05-07,126.44,2026-05-12
INV00395,ORD002048,C00135,2025-10-21,Net 60,2025-12-20,85.58,2025-12-19
INV00396,ORD002050,C00203,2025-09-06,Net 30,2025-10-06,327,2025-10-03
INV00397,ORD002054,C00797,2025-12-15,Net 30,2026-01-14,174.93,2026-01-11
INV00398,ORD002056,C00058,2026-05-18,Net 60,2026-07-17,60.48,2026-07-25
INV00399,ORD002063,C00505,2026-02-28,Net 60,2026-04-29,192.59,2026-05-10
INV00400,ORD002073,C00388,2026-07-21,Net 60,2026-09-19,27.6,
INV00401,ORD002074,C00030,2026-04-07,Net 30,2026-05-07,36.87,2026-05-13
INV00402,ORD002078,C00330,2025-08-06,Net 30,2025-09-05,146.55,2025-09-10
INV00403,ORD002097,C00353,2026-03-28,Net 30,2026-04-27,90.04,2026-05-10
INV00404,ORD002115,C00040,2026-03-14,Net 30,2026-04-13,282.26,2026-04-23
INV00405,ORD002118,C00396,2025-08-15,Net 30,2025-09-14,245.67,2025-09-16
INV00406,ORD002122,C00145,2026-03-22,Net 60,2026-05-21,185.04,2026-06-03
INV00407,ORD002127,C00013,2026-01-14,Net 30,2026-02-13,95.4,2026-02-28
INV00408,ORD002130,C00845,2026-01-30,Net 30,2026-03-01,276.08,2026-02-23
INV00409,ORD002131,C00015,2026-03-18,Net 60,2026-05-17,92.22,
INV00410,ORD002135,C00390,2025-10-17,Net 60,2025-12-16,92.52,2025-12-11
INV00411,ORD002144,C00593,2026-04-15,Net 30,2026-05-15,54.88,2026-05-11
INV00412,ORD002149,C00698,2025-11-22,Net 30,2025-12-22,210.33,2025-12-26
INV00413,ORD002150,C00486,2025-08-12,Net 30,2025-09-11,193.92,
INV00414,ORD002162,C00978,2025-11-02,Net 60,2026-01-01,108.7,2025-12-24
INV00415,ORD002166,C00335,2025-07-29,Net 30,2025-08-28,109.02,2025-08-28
INV00416,ORD002168,C00128,2026-05-12,Net 60,2026-07-11,153.61,2026-07-25
INV00417,ORD002174,C00337,2026-04-25,Net 30,2026-05-25,65.11,2026-06-02
INV00418,ORD002175,C00577,2025-10-23,Net 30,2025-11-22,286.67,2025-12-03
INV00419,ORD002184,C00220,2026-06-25,Net 30,2026-07-25,16.74,2026-07-21
INV00420,ORD002204,C01115,2025-08-03,Net 60,2025-10-02,27.39,2025-10-12
INV00421,ORD002205,C00009,2025-11-29,Net 30,2025-12-29,247.52,2026-01-13
INV00422,ORD002219,C00058,2026-01-11,Net 30,2026-02-10,197.8,2026-02-18
INV00423,ORD002220,C00795,2026-03-11,Net 30,2026-04-10,244.29,2026-04-10
INV00424,ORD002227,C00218,2026-05-11,Net 30,2026-06-10,312.53,2026-06-07
INV00425,ORD002228,C00865,2025-12-04,Net 60,2026-02-02,19.58,2026-02-12
INV00426,ORD002237,C01109,2026-02-17,Net 60,2026-04-18,44.42,2026-04-11
INV00427,ORD002238,C00298,2026-02-09,Net 30,2026-03-11,49.53,2026-03-24
INV00428,ORD002239,C00338,2025-10-09,Net 60,2025-12-08,67.17,2025-12-07
INV00429,ORD002243,C01068,2025-12-09,Net 30,2026-01-08,98.4,2026-01-14
INV00430,ORD002246,C00999,2026-04-02,Net 60,2026-06-01,241.11,2026-06-11
INV00431,ORD002257,C00222,2026-05-17,Net 30,2026-06-16,227.28,2026-06-10
INV00432,ORD002263,C00725,2026-03-26,Net 30,2026-04-25,22.21,2026-04-27
INV00433,ORD002264,C01197,2026-02-02,Net 30,2026-03-04,184.02,2026-03-06
INV00434,ORD002265,C00036,2026-01-22,Net 30,2026-02-21,129.06,2026-02-17
INV00435,ORD002280,C01060,2026-03-26,Net 30,2026-04-25,300.65,2026-04-20
INV00436,ORD002282,C00523,2025-09-22,Net 30,2025-10-22,155.47,2025-10-20
INV00437,ORD002285,C00107,2026-01-24,Net 60,2026-03-25,438.34,2026-03-22
INV00438,ORD002289,C00043,2026-05-31,Net 30,2026-06-30,74.44,
INV00439,ORD002291,C00572,2026-03-12,Net 30,2026-04-11,102.58,2026-04-25
INV00440,ORD002294,C00725,2026-02-08,Net 30,2026-03-10,230.4,2026-03-08
INV00441,ORD002307,C00943,2026-06-23,Net 30,2026-07-23,242.01,2026-07-20
INV00442,ORD002309,C01160,2026-03-21,Net 60,2026-05-20,292.81,2026-05-29
INV00443,ORD002313,C00397,2026-01-21,Net 30,2026-02-20,235.39,2026-02-14
INV00444,ORD002318,C01066,2026-07-08,Net 30,2026-08-07,381.12,
INV00445,ORD002327,C00338,2026-03-17,Net 30,2026-04-16,214.29,2026-05-01
INV00446,ORD002334,C01078,2026-06-05,Net 30,2026-07-05,168.42,
INV00447,ORD002347,C01015,2026-01-12,Net 60,2026-03-13,74.17,2026-03-19
INV00448,ORD002349,C00414,2026-02-14,Net 30,2026-03-16,66.63,2026-03-19
INV00449,ORD002350,C00561,2026-03-19,Net 60,2026-05-18,164.84,2026-05-30
INV00450,ORD002351,C00935,2025-09-25,Net 30,2025-10-25,73.59,2025-10-26
INV00451,ORD002354,C00521,2026-07-17,Net 30,2026-08-16,72.44,2026-07-25
INV00452,ORD002357,C00105,2025-12-31,Net 30,2026-01-30,225.09,2026-02-04
INV00453,ORD002365,C00251,2026-04-03,Net 30,2026-05-03,297.48,2026-05-10
INV00454,ORD002367,C00513,2025-08-20,Net 30,2025-09-19,122.53,2025-10-04
INV00455,ORD002371,C00138,2026-04-15,Net 30,2026-05-15,521.37,2026-05-10
INV00456,ORD002375,C01067,2026-05-03,Net 30,2026-06-02,399.71,2026-06-02
INV00457,ORD002383,C00162,2025-08-26,Net 30,2025-09-25,88.47,2025-10-05
INV00458,ORD002389,C01150,2025-11-23,Net 30,2025-12-23,129.06,2026-01-04
INV00459,ORD002392,C00560,2026-04-09,Net 30,2026-05-09,319.22,2026-05-01
INV00460,ORD002405,C00593,2026-06-06,Net 60,2026-08-05,22.39,
INV00461,ORD002420,C00281,2025-08-02,Net 30,2025-09-01,22.39,2025-08-25
INV00462,ORD002425,C01100,2025-12-05,Net 30,2026-01-04,250.69,
INV00463,ORD002429,C00044,2025-10-21,Net 30,2025-11-20,276.84,
INV00464,ORD002432,C00276,2025-08-24,Net 30,2025-09-23,55.04,2025-09-27
INV00465,ORD002441,C00982,2026-05-08,Net 30,2026-06-07,151.5,2026-06-16
INV00466,ORD002442,C00475,2026-07-04,Net 30,2026-08-03,13.72,
INV00467,ORD002443,C01114,2026-02-15,Net 30,2026-03-17,13.72,2026-03-10
INV00468,ORD002450,C00167,2025-09-14,Net 30,2025-10-14,103.56,2025-10-26
INV00469,ORD002453,C00303,2025-09-23,Net 30,2025-10-23,246.27,2025-10-23
INV00470,ORD002474,C01026,2026-05-14,Net 30,2026-06-13,196.1,2026-06-26
INV00471,ORD002478,C00956,2025-10-24,Net 30,2025-11-23,111.7,2025-12-02
INV00472,ORD002482,C00834,2026-06-05,Net 60,2026-08-04,100.49,
INV00473,ORD002484,C01073,2026-01-24,Net 30,2026-02-23,54.88,2026-02-24
INV00474,ORD002486,C00438,2026-06-15,Net 30,2026-07-15,124.8,
INV00475,ORD002489,C00286,2026-04-15,Net 60,2026-06-14,71.28,2026-06-10
INV00476,ORD002490,C01036,2026-03-04,Net 30,2026-04-03,39.16,2026-04-11
INV00477,ORD002501,C00541,2026-06-08,Net 30,2026-07-08,95.71,2026-07-10
INV00478,ORD002502,C00011,2025-10-11,Net 60,2025-12-10,176.71,
INV00479,ORD002503,C01083,2026-06-02,Net 60,2026-08-01,22.39,
INV00480,ORD002507,C01173,2025-10-31,Net 30,2025-11-30,227.18,2025-12-07
INV00481,ORD002512,C00969,2025-12-17,Net 30,2026-01-16,14.83,2026-01-17
INV00482,ORD002515,C00036,2025-09-03,Net 60,2025-11-02,116.35,2025-11-11
INV00483,ORD002517,C00301,2026-06-19,Net 30,2026-07-19,261.15,2026-07-25
INV00484,ORD002518,C00775,2026-02-11,Net 60,2026-04-12,32.85,2026-04-13
INV00485,ORD002519,C00987,2026-06-21,Net 30,2026-07-21,140.89,
INV00486,ORD002520,C00690,2025-09-12,Net 30,2025-10-12,35.32,2025-10-06
INV00487,ORD002542,C00101,2025-08-15,Net 30,2025-09-14,132.72,2025-09-20
INV00488,ORD002543,C00089,2025-12-26,Net 60,2026-02-24,149.76,2026-03-06
INV00489,ORD002552,C01116,2025-11-26,Net 60,2026-01-25,359.29,2026-02-02
INV00490,ORD002560,C00034,2025-09-20,Net 30,2025-10-20,41.79,2025-10-25
INV00491,ORD002563,C01040,2025-11-14,Net 60,2026-01-13,347.26,2026-01-17
INV00492,ORD002567,C01019,2026-04-22,Net 30,2026-05-22,148.1,2026-05-14
INV00493,ORD002568,C00652,2026-06-13,Net 30,2026-07-13,98.21,
INV00494,ORD002571,C00361,2026-04-26,Net 30,2026-05-26,424.92,2026-05-28
INV00495,ORD002573,C00603,2026-01-16,Net 30,2026-02-15,27.44,2026-02-14
INV00496,ORD002574,C01180,2026-03-21,Net 60,2026-05-20,55.55,2026-05-24
INV00497,ORD002577,C00352,2025-08-25,Net 60,2025-10-24,242.34,2025-11-01
INV00498,ORD002578,C00758,2025-08-02,Net 60,2025-10-01,49.94,2025-10-04
INV00499,ORD002579,C00802,2025-11-02,Net 30,2025-12-02,173.11,2025-12-10
INV00500,ORD002582,C00246,2025-09-22,Net 30,2025-10-22,286.03,
INV00501,ORD002584,C00484,2026-07-26,Net 30,2026-08-25,109.89,
INV00502,ORD002591,C00270,2025-11-14,Net 30,2025-12-14,149.3,2025-12-21
INV00503,ORD002593,C00877,2025-11-19,Net 60,2026-01-18,273.51,2026-01-20
INV00504,ORD002612,C00545,2026-03-06,Net 60,2026-05-05,189.37,2026-05-20
INV00505,ORD002619,C01128,2026-03-21,Net 60,2026-05-20,27.44,2026-05-31
INV00506,ORD002626,C01144,2026-04-11,Net 30,2026-05-11,112.87,2026-05-12
INV00507,ORD002628,C01002,2026-02-14,Net 30,2026-03-16,273.95,2026-03-11
INV00508,ORD002631,C01176,2026-02-15,Net 30,2026-03-17,168.82,2026-03-18
INV00509,ORD002633,C00714,2026-02-08,Net 30,2026-03-10,195.57,2026-03-11
INV00510,ORD002634,C00395,2026-05-27,Net 30,2026-06-26,112.28,2026-06-27
INV00511,ORD002639,C00183,2026-06-30,Net 30,2026-07-30,110.08,
INV00512,ORD002650,C00751,2025-08-21,Net 30,2025-09-20,40.7,2025-09-21
INV00513,ORD002655,C00220,2026-03-26,Net 30,2026-04-25,92.55,2026-04-25
INV00514,ORD002665,C00200,2026-02-23,Net 30,2026-03-25,220.16,2026-03-24
INV00515,ORD002669,C00565,2025-10-01,Net 60,2025-11-30,59.9,2025-11-30
INV00516,ORD002675,C00132,2026-01-27,Net 60,2026-03-28,131.52,2026-03-25
INV00517,ORD002677,C00052,2025-10-04,Net 30,2025-11-03,27.52,2025-11-06
INV00518,ORD002679,C00484,2025-09-16,Net 60,2025-11-15,169.61,2025-11-16
INV00519,ORD002681,C00610,2026-04-30,Net 30,2026-05-30,250.18,2026-06-04
INV00520,ORD002686,C01165,2025-10-12,Net 30,2025-11-11,224.56,2025-11-14
INV00521,ORD002690,C01171,2026-07-05,Net 60,2026-09-03,335.21,
INV00522,ORD002693,C00902,2026-07-23,Net 30,2026-08-22,202.81,
INV00523,ORD002697,C01024,2026-06-07,Net 60,2026-08-06,275.48,2026-07-25
INV00524,ORD002702,C00816,2026-05-14,Net 30,2026-06-13,24.53,2026-06-07
INV00525,ORD002703,C00864,2026-04-03,Net 60,2026-06-02,252.9,2026-06-03
INV00526,ORD002707,C00498,2026-06-25,Net 60,2026-08-24,218.19,2026-07-25
INV00527,ORD002710,C01180,2026-06-27,Net 30,2026-07-27,49.92,
INV00528,ORD002711,C00130,2026-04-06,Net 60,2026-06-05,15.12,2026-06-08
INV00529,ORD002717,C00200,2026-01-11,Net 30,2026-02-10,105.27,2026-02-25
INV00530,ORD002719,C00260,2025-12-28,Net 30,2026-01-27,121.17,2026-02-08
INV00531,ORD002720,C00298,2026-05-10,Net 30,2026-06-09,65.75,2026-06-10
INV00532,ORD002722,C00379,2026-07-08,Net 30,2026-08-07,302.97,
INV00533,ORD002723,C01103,2025-12-23,Net 60,2026-02-21,339.92,2026-02-21
INV00534,ORD002724,C00640,2025-12-04,Net 30,2026-01-03,193.53,2026-01-15
INV00535,ORD002729,C01187,2025-12-15,Net 60,2026-02-13,118.03,2026-02-06
INV00536,ORD002731,C01173,2026-05-31,Net 60,2026-07-30,207.54,
INV00537,ORD002736,C00060,2026-05-04,Net 30,2026-06-03,166.59,2026-06-13
INV00538,ORD002745,C01059,2025-11-27,Net 30,2025-12-27,199.83,2026-01-11
INV00539,ORD002746,C01058,2025-09-03,Net 60,2025-11-02,295.82,2025-11-16
INV00540,ORD002752,C00099,2026-01-15,Net 30,2026-02-14,175.8,2026-02-20
INV00541,ORD002758,C01007,2026-01-14,Net 30,2026-02-13,255.72,2026-02-19
INV00542,ORD002768,C00741,2025-11-09,Net 30,2025-12-09,191.26,2025-12-16
INV00543,ORD002771,C01164,2025-08-17,Net 60,2025-10-16,180.43,2025-10-14
INV00544,ORD002774,C01107,2026-03-30,Net 30,2026-04-29,352.89,2026-04-25
INV00545,ORD002775,C00464,2025-12-30,Net 30,2026-01-29,153.46,2026-02-09
INV00546,ORD002791,C00551,2025-08-21,Net 30,2025-09-20,132.26,2025-09-25
INV00547,ORD002794,C01138,2026-04-02,Net 60,2026-06-01,284.45,2026-06-10
INV00548,ORD002802,C01130,2026-04-15,Net 60,2026-06-14,65.75,
INV00549,ORD002803,C00825,2026-01-16,Net 30,2026-02-15,149.76,2026-02-27
INV00550,ORD002811,C00672,2026-02-16,Net 30,2026-03-18,192.2,2026-03-19
INV00551,ORD002819,C00671,2025-08-05,Net 30,2025-09-04,182.68,2025-09-06
INV00552,ORD002822,C01055,2026-02-04,Net 30,2026-03-06,99.06,
INV00553,ORD002828,C00892,2025-11-04,Net 60,2026-01-03,199.68,2026-01-13
INV00554,ORD002830,C01031,2025-11-04,Net 30,2025-12-04,146.55,2025-12-07
INV00555,ORD002839,C00760,2025-10-11,Net 30,2025-11-10,82.8,2025-11-03
INV00556,ORD002853,C01183,2025-11-27,Net 30,2025-12-27,66.96,2026-01-07
INV00557,ORD002854,C00878,2026-04-11,Net 60,2026-06-10,376.17,2026-06-22
INV00558,ORD002865,C00519,2026-04-28,Net 30,2026-05-28,62.64,2026-06-09
INV00559,ORD002867,C00014,2026-07-21,Net 30,2026-08-20,98.32,
INV00560,ORD002869,C00868,2026-03-30,Net 30,2026-04-29,148.1,2026-04-28
INV00561,ORD002871,C00383,2026-05-30,Net 60,2026-07-29,70.64,
INV00562,ORD002878,C00950,2025-09-17,Net 30,2025-10-17,274.35,2025-10-18
INV00563,ORD002882,C00283,2025-08-05,Net 30,2025-09-04,99.06,2025-08-30
INV00564,ORD002884,C00604,2026-02-26,Net 30,2026-03-28,255.63,2026-03-24
INV00565,ORD002886,C00225,2025-12-16,Net 30,2026-01-15,67.17,2026-01-11
INV00566,ORD002887,C00402,2026-01-23,Net 60,2026-03-24,234.38,2026-03-29
INV00567,ORD002890,C00192,2025-09-14,Net 30,2025-10-14,79.46,2025-10-25
INV00568,ORD002892,C00473,2026-07-04,Net 30,2026-08-03,268.2,
INV00569,ORD002893,C00197,2025-08-28,Net 60,2025-10-27,163.65,2025-11-10
INV00570,ORD002894,C00184,2025-08-20,Net 30,2025-09-19,138.8,2025-09-15
INV00571,ORD002895,C00084,2025-11-23,Net 60,2026-01-22,92.52,2026-01-30
INV00572,ORD002903,C00387,2026-01-01,Net 30,2026-01-31,298.87,2026-01-29
INV00573,ORD002908,C01010,2025-11-26,Net 30,2025-12-26,325.12,2025-12-23
INV00574,ORD002911,C00484,2026-01-16,Net 30,2026-02-15,41.16,2026-02-07
INV00575,ORD002914,C00551,2026-02-11,Net 60,2026-04-12,93.65,2026-04-05
INV00576,ORD002919,C00628,2026-05-25,Net 30,2026-06-24,390.32,2026-06-23
INV00577,ORD002922,C00244,2026-03-11,Net 30,2026-04-10,273.36,2026-04-18
INV00578,ORD002940,C00709,2026-04-27,Net 30,2026-05-27,136.54,2026-06-01
INV00579,ORD002941,C00382,2025-10-21,Net 60,2025-12-20,257.23,2025-12-25
INV00580,ORD002946,C00941,2025-11-13,Net 60,2026-01-12,70.06,2026-01-14
INV00581,ORD002962,C00970,2025-09-29,Net 30,2025-10-29,432.42,
INV00582,ORD002966,C00434,2025-09-23,Net 30,2025-10-23,383.06,2025-10-16
INV00583,ORD002971,C01072,2026-07-11,Net 30,2026-08-10,49.46,
INV00584,ORD002974,C00861,2026-06-18,Net 30,2026-07-18,118.01,2026-07-18
INV00585,ORD002976,C01185,2026-03-01,Net 60,2026-04-30,96.73,2026-04-25
INV00586,ORD002989,C00806,2026-05-19,Net 30,2026-06-18,197.96,2026-06-25
INV00587,ORD002994,C00861,2025-08-06,Net 30,2025-09-05,140.92,2025-09-18
