date,channel,sessions,product_views,add_to_carts,checkouts,orders
2025-07-25,Shopify,395,250,8,3,2
2025-07-25,Amazon,181,115,6,3,1
2025-07-25,TikTok Shop,586,366,8,4,2
2025-07-25,Walmart,153,84,6,4,1
2025-07-26,Shopify,353,211,6,4,1
2025-07-26,Amazon,256,146,8,1,1
2025-07-26,TikTok Shop,441,283,8,5,1
2025-07-26,Walmart,158,87,6,5,1
2025-07-27,Shopify,488,311,9,6,3
2025-07-27,Amazon,219,128,2,2,0
2025-07-27,TikTok Shop,614,348,8,2,2
2025-07-27,Walmart,135,77,3,2,1
2025-07-28,Shopify,348,203,2,1,0
2025-07-28,Amazon,220,114,6,2,0
2025-07-28,TikTok Shop,664,366,10,7,3
2025-07-28,Walmart,199,106,9,3,1
2025-07-29,Shopify,334,186,3,2,1
2025-07-29,Amazon,173,101,6,4,1
2025-07-29,TikTok Shop,596,326,9,3,1
2025-07-29,Walmart,149,85,1,1,0
2025-07-30,Shopify,467,255,12,4,3
2025-07-30,Amazon,224,128,12,5,2
2025-07-30,TikTok Shop,478,259,6,2,1
2025-07-30,Walmart,101,58,0,0,0
2025-07-31,Shopify,242,147,3,1,0
2025-07-31,Amazon,183,115,2,1,0
2025-07-31,TikTok Shop,384,205,7,4,1
2025-07-31,Walmart,203,110,10,4,3
2025-08-01,Shopify,391,198,12,4,3
2025-08-01,Amazon,203,106,7,2,1
2025-08-01,TikTok Shop,593,370,7,2,2
2025-08-01,Walmart,112,72,4,3,0
2025-08-02,Shopify,343,202,2,2,0
2025-08-02,Amazon,244,154,6,4,2
2025-08-02,TikTok Shop,549,325,4,4,1
2025-08-02,Walmart,149,76,3,3,1
2025-08-03,Shopify,452,249,9,5,1
2025-08-03,Amazon,233,126,6,2,1
2025-08-03,TikTok Shop,404,213,0,0,0
2025-08-03,Walmart,133,73,6,3,1
2025-08-04,Shopify,294,166,2,1,1
2025-08-04,Amazon,271,157,7,6,2
2025-08-04,TikTok Shop,404,257,1,0,0
2025-08-04,Walmart,195,116,7,4,3
2025-08-05,Shopify,489,266,11,4,3
2025-08-05,Amazon,176,105,4,4,1
2025-08-05,TikTok Shop,551,346,2,0,0
2025-08-05,Walmart,229,128,11,6,2
2025-08-06,Shopify,312,175,9,4,2
2025-08-06,Amazon,221,119,7,4,2
2025-08-06,TikTok Shop,647,396,13,7,4
2025-08-06,Walmart,104,61,1,1,0
2025-08-07,Shopify,275,140,4,0,0
2025-08-07,Amazon,219,120,8,6,2
2025-08-07,TikTok Shop,545,333,4,2,0
2025-08-07,Walmart,143,78,4,2,1
2025-08-08,Shopify,491,304,10,4,3
2025-08-08,Amazon,166,107,3,1,0
2025-08-08,TikTok Shop,660,376,17,6,4
2025-08-08,Walmart,147,74,4,3,1
2025-08-09,Shopify,387,250,7,3,2
2025-08-09,Amazon,238,143,8,5,2
2025-08-09,TikTok Shop,447,290,9,3,2
2025-08-09,Walmart,289,171,13,6,4
2025-08-10,Shopify,332,187,9,4,1
2025-08-10,Amazon,245,157,16,8,4
2025-08-10,TikTok Shop,647,397,8,5,2
2025-08-10,Walmart,229,135,12,3,2
2025-08-11,Shopify,288,179,6,4,1
2025-08-11,Amazon,252,143,14,5,4
2025-08-11,TikTok Shop,489,252,15,7,3
2025-08-11,Walmart,188,107,10,6,2
2025-08-12,Shopify,405,256,4,2,0
2025-08-12,Amazon,231,144,0,0,0
2025-08-12,TikTok Shop,553,318,7,3,1
2025-08-12,Walmart,173,107,10,3,2
2025-08-13,Shopify,410,222,10,4,2
2025-08-13,Amazon,168,106,3,0,0
2025-08-13,TikTok Shop,651,331,13,7,4
2025-08-13,Walmart,171,88,8,6,2
2025-08-14,Shopify,436,262,12,4,3
2025-08-14,Amazon,249,159,8,5,1
2025-08-14,TikTok Shop,484,283,12,2,2
2025-08-14,Walmart,108,63,5,2,0
2025-08-15,Shopify,307,198,10,4,2
2025-08-15,Amazon,266,159,6,1,1
2025-08-15,TikTok Shop,678,346,7,4,2
2025-08-15,Walmart,161,82,8,4,1
2025-08-16,Shopify,333,202,5,2,0
2025-08-16,Amazon,234,122,4,4,1
2025-08-16,TikTok Shop,419,258,7,1,1
2025-08-16,Walmart,221,143,11,3,3
2025-08-17,Shopify,414,225,10,2,2
2025-08-17,Amazon,228,138,6,2,0
2025-08-17,TikTok Shop,453,252,6,3,2
2025-08-17,Walmart,166,100,4,3,1
2025-08-18,Shopify,463,269,10,4,2
2025-08-18,Amazon,190,119,3,3,0
2025-08-18,TikTok Shop,676,424,10,6,3
2025-08-18,Walmart,212,118,13,5,3
2025-08-19,Shopify,441,257,12,6,2
2025-08-19,Amazon,224,143,6,6,2
2025-08-19,TikTok Shop,428,233,2,1,0
2025-08-19,Walmart,136,81,0,0,0
2025-08-20,Shopify,340,195,15,6,3
2025-08-20,Amazon,186,94,9,5,2
2025-08-20,TikTok Shop,539,348,11,7,3
2025-08-20,Walmart,207,105,10,4,2
2025-08-21,Shopify,479,310,19,7,5
2025-08-21,Amazon,174,88,5,1,1
2025-08-21,TikTok Shop,550,331,3,3,1
2025-08-21,Walmart,172,94,12,2,2
2025-08-22,Shopify,378,235,14,7,4
2025-08-22,Amazon,253,131,9,4,2
2025-08-22,TikTok Shop,561,329,12,7,4
2025-08-22,Walmart,174,95,2,1,0
2025-08-23,Shopify,471,291,11,8,4
2025-08-23,Amazon,244,130,1,1,0
2025-08-23,TikTok Shop,597,363,10,5,3
2025-08-23,Walmart,253,137,14,8,4
2025-08-24,Shopify,425,273,8,6,2
2025-08-24,Amazon,214,112,11,5,2
2025-08-24,TikTok Shop,445,231,9,4,2
2025-08-24,Walmart,266,147,12,6,3
2025-08-25,Shopify,378,220,12,7,4
2025-08-25,Amazon,237,130,13,4,3
2025-08-25,TikTok Shop,525,297,9,5,2
2025-08-25,Walmart,175,88,8,3,1
2025-08-26,Shopify,457,250,15,6,3
2025-08-26,Amazon,211,117,6,4,2
2025-08-26,TikTok Shop,567,343,1,1,0
2025-08-26,Walmart,207,112,8,3,2
2025-08-27,Shopify,350,206,6,2,1
2025-08-27,Amazon,236,131,7,3,1
2025-08-27,TikTok Shop,636,324,12,3,3
2025-08-27,Walmart,205,126,5,2,1
2025-08-28,Shopify,241,155,4,1,0
2025-08-28,Amazon,278,180,5,5,1
2025-08-28,TikTok Shop,462,270,8,3,1
2025-08-28,Walmart,122,75,2,2,0
2025-08-29,Shopify,364,203,9,5,1
2025-08-29,Amazon,334,171,18,6,4
2025-08-29,TikTok Shop,554,287,13,6,4
2025-08-29,Walmart,188,97,3,3,1
2025-08-30,Shopify,282,163,3,3,1
2025-08-30,Amazon,231,134,11,5,2
2025-08-30,TikTok Shop,730,429,12,5,3
2025-08-30,Walmart,185,112,10,7,3
2025-08-31,Shopify,326,167,4,4,1
2025-08-31,Amazon,225,123,4,4,1
2025-08-31,TikTok Shop,481,282,12,4,2
2025-08-31,Walmart,185,109,7,3,1
2025-09-01,Shopify,448,286,7,5,2
2025-09-01,Amazon,291,171,7,5,2
2025-09-01,TikTok Shop,663,357,9,4,2
2025-09-01,Walmart,260,145,10,3,3
2025-09-02,Shopify,414,211,12,5,3
2025-09-02,Amazon,282,177,9,4,1
2025-09-02,TikTok Shop,542,298,4,1,1
2025-09-02,Walmart,215,119,9,4,2
2025-09-03,Shopify,275,170,9,1,1
2025-09-03,Amazon,246,151,7,2,1
2025-09-03,TikTok Shop,541,351,8,3,2
2025-09-03,Walmart,237,144,6,3,2
2025-09-04,Shopify,430,277,5,2,1
2025-09-04,Amazon,210,116,6,3,2
2025-09-04,TikTok Shop,475,285,9,6,2
2025-09-04,Walmart,168,88,3,2,1
2025-09-05,Shopify,324,187,10,5,2
2025-09-05,Amazon,199,116,3,2,1
2025-09-05,TikTok Shop,418,214,3,0,0
2025-09-05,Walmart,238,129,9,2,2
2025-09-06,Shopify,389,218,4,3,1
2025-09-06,Amazon,294,155,10,3,2
2025-09-06,TikTok Shop,397,233,4,1,1
2025-09-06,Walmart,224,138,13,4,2
2025-09-07,Shopify,442,258,7,5,1
2025-09-07,Amazon,308,172,15,9,5
2025-09-07,TikTok Shop,447,256,8,3,2
2025-09-07,Walmart,245,139,11,6,4
2025-09-08,Shopify,362,184,6,2,1
2025-09-08,Amazon,274,174,9,1,1
2025-09-08,TikTok Shop,470,259,8,4,1
2025-09-08,Walmart,215,118,6,3,2
2025-09-09,Shopify,301,158,10,5,2
2025-09-09,Amazon,186,100,3,2,1
2025-09-09,TikTok Shop,543,303,5,4,1
2025-09-09,Walmart,181,104,3,1,0
2025-09-10,Shopify,405,244,9,4,2
2025-09-10,Amazon,327,205,10,6,4
2025-09-10,TikTok Shop,433,247,6,2,0
2025-09-10,Walmart,201,127,8,2,1
2025-09-11,Shopify,408,234,3,3,0
2025-09-11,Amazon,196,126,15,5,3
2025-09-11,TikTok Shop,659,343,17,6,4
2025-09-11,Walmart,193,100,10,3,2
2025-09-12,Shopify,325,170,11,6,2
2025-09-12,Amazon,199,104,14,6,3
2025-09-12,TikTok Shop,658,364,14,7,3
2025-09-12,Walmart,173,95,9,5,2
2025-09-13,Shopify,356,192,14,6,3
2025-09-13,Amazon,288,165,3,2,1
2025-09-13,TikTok Shop,437,237,8,3,2
2025-09-13,Walmart,117,71,4,1,0
2025-09-14,Shopify,320,164,11,3,2
2025-09-14,Amazon,228,131,12,6,2
2025-09-14,TikTok Shop,581,348,4,2,1
2025-09-14,Walmart,187,117,7,1,1
2025-09-15,Shopify,443,226,8,2,1
2025-09-15,Amazon,215,125,7,3,1
2025-09-15,TikTok Shop,546,331,5,3,0
2025-09-15,Walmart,133,71,3,3,1
2025-09-16,Shopify,414,225,5,4,2
2025-09-16,Amazon,270,153,11,6,3
2025-09-16,TikTok Shop,491,269,10,3,3
2025-09-16,Walmart,198,112,10,4,2
2025-09-17,Shopify,399,226,6,2,1
2025-09-17,Amazon,246,123,4,0,0
2025-09-17,TikTok Shop,471,240,14,5,3
2025-09-17,Walmart,190,117,6,2,1
2025-09-18,Shopify,339,210,11,4,2
2025-09-18,Amazon,194,107,7,5,1
2025-09-18,TikTok Shop,649,375,9,4,2
2025-09-18,Walmart,206,129,7,4,1
2025-09-19,Shopify,271,170,3,1,0
2025-09-19,Amazon,271,152,5,2,1
2025-09-19,TikTok Shop,389,212,8,3,1
2025-09-19,Walmart,175,104,3,0,0
2025-09-20,Shopify,382,245,10,2,2
2025-09-20,Amazon,207,118,7,5,1
2025-09-20,TikTok Shop,609,337,4,1,1
2025-09-20,Walmart,379,196,23,7,7
2025-09-21,Shopify,325,201,8,6,2
2025-09-21,Amazon,247,126,6,2,1
2025-09-21,TikTok Shop,524,339,7,3,1
2025-09-21,Walmart,163,91,2,2,0
2025-09-22,Shopify,445,261,17,6,5
2025-09-22,Amazon,233,122,5,3,2
2025-09-22,TikTok Shop,418,260,5,2,1
2025-09-22,Walmart,279,171,17,7,4
2025-09-23,Shopify,375,198,4,3,0
2025-09-23,Amazon,306,187,15,6,3
2025-09-23,TikTok Shop,708,359,15,5,5
2025-09-23,Walmart,194,101,5,5,1
2025-09-24,Shopify,515,260,11,6,3
2025-09-24,Amazon,253,135,10,3,2
2025-09-24,TikTok Shop,621,367,15,6,3
2025-09-24,Walmart,161,98,8,4,1
2025-09-25,Shopify,282,141,7,1,1
2025-09-25,Amazon,292,172,8,4,2
2025-09-25,TikTok Shop,694,429,11,3,3
2025-09-25,Walmart,189,106,5,3,2
2025-09-26,Shopify,402,221,10,7,3
2025-09-26,Amazon,225,122,5,0,0
2025-09-26,TikTok Shop,514,296,10,4,2
2025-09-26,Walmart,167,100,2,2,1
2025-09-27,Shopify,262,161,3,2,1
2025-09-27,Amazon,220,124,2,2,1
2025-09-27,TikTok Shop,524,290,7,4,1
2025-09-27,Walmart,203,130,12,5,3
2025-09-28,Shopify,302,154,7,5,1
2025-09-28,Amazon,166,90,6,1,0
2025-09-28,TikTok Shop,501,301,1,1,0
2025-09-28,Walmart,174,108,6,3,2
2025-09-29,Shopify,229,139,0,0,0
2025-09-29,Amazon,313,174,12,4,3
2025-09-29,TikTok Shop,543,345,5,3,0
2025-09-29,Walmart,174,94,4,2,1
2025-09-30,Shopify,459,241,15,6,3
2025-09-30,Amazon,222,129,13,7,3
2025-09-30,TikTok Shop,594,327,9,3,2
2025-09-30,Walmart,183,99,4,4,1
2025-10-01,Shopify,271,146,5,5,1
2025-10-01,Amazon,220,133,6,6,2
2025-10-01,TikTok Shop,335,178,3,3,0
2025-10-01,Walmart,191,97,7,2,2
2025-10-02,Shopify,382,228,7,6,2
2025-10-02,Amazon,220,127,11,3,2
2025-10-02,TikTok Shop,629,407,6,4,1
2025-10-02,Walmart,136,80,0,0,0
2025-10-03,Shopify,292,179,4,1,0
2025-10-03,Amazon,293,150,16,7,4
2025-10-03,TikTok Shop,419,269,10,6,2
2025-10-03,Walmart,201,101,11,6,2
2025-10-04,Shopify,227,124,4,3,0
2025-10-04,Amazon,167,101,5,1,0
2025-10-04,TikTok Shop,396,230,5,0,0
2025-10-04,Walmart,185,118,12,4,2
2025-10-05,Shopify,235,140,1,1,0
2025-10-05,Amazon,228,119,5,2,1
2025-10-05,TikTok Shop,491,258,11,7,3
2025-10-05,Walmart,147,93,5,1,1
2025-10-06,Shopify,326,201,7,3,2
2025-10-06,Amazon,228,128,9,5,2
2025-10-06,TikTok Shop,593,348,7,3,1
2025-10-06,Walmart,162,86,1,1,0
2025-10-07,Shopify,344,211,9,5,2
2025-10-07,Amazon,247,127,10,3,2
2025-10-07,TikTok Shop,674,430,10,5,3
2025-10-07,Walmart,196,109,4,4,1
2025-10-08,Shopify,302,170,0,0,0
2025-10-08,Amazon,204,108,8,2,1
2025-10-08,TikTok Shop,479,301,3,0,0
2025-10-08,Walmart,230,146,8,4,2
2025-10-09,Shopify,333,216,2,2,0
2025-10-09,Amazon,271,151,5,3,0
2025-10-09,TikTok Shop,561,329,5,4,1
2025-10-09,Walmart,225,118,13,6,3
2025-10-10,Shopify,400,245,10,6,4
2025-10-10,Amazon,276,177,5,1,1
2025-10-10,TikTok Shop,508,307,4,1,0
2025-10-10,Walmart,135,75,3,1,0
2025-10-11,Shopify,347,216,3,3,0
2025-10-11,Amazon,179,94,2,1,0
2025-10-11,TikTok Shop,327,180,6,3,0
2025-10-11,Walmart,174,89,12,4,2
2025-10-12,Shopify,295,183,5,1,1
2025-10-12,Amazon,181,116,5,2,1
2025-10-12,TikTok Shop,638,328,9,5,3
2025-10-12,Walmart,171,108,4,3,0
2025-10-13,Shopify,367,221,4,3,1
2025-10-13,Amazon,264,144,3,3,0
2025-10-13,TikTok Shop,324,173,1,1,0
2025-10-13,Walmart,175,103,8,5,1
2025-10-14,Shopify,344,208,3,3,1
2025-10-14,Amazon,167,99,7,5,1
2025-10-14,TikTok Shop,612,343,8,2,2
2025-10-14,Walmart,231,140,9,3,2
2025-10-15,Shopify,421,271,12,6,3
2025-10-15,Amazon,215,121,8,4,2
2025-10-15,TikTok Shop,405,242,7,4,1
2025-10-15,Walmart,202,126,12,2,2
2025-10-16,Shopify,466,258,16,4,4
2025-10-16,Amazon,247,148,4,3,0
2025-10-16,TikTok Shop,606,380,6,3,2
2025-10-16,Walmart,213,136,7,3,2
2025-10-17,Shopify,324,170,6,5,1
2025-10-17,Amazon,194,124,9,5,2
2025-10-17,TikTok Shop,444,281,3,1,0
2025-10-17,Walmart,128,81,3,3,1
2025-10-18,Shopify,355,216,9,3,1
2025-10-18,Amazon,271,136,12,4,3
2025-10-18,TikTok Shop,616,390,14,4,3
2025-10-18,Walmart,172,92,3,1,0
2025-10-19,Shopify,410,262,5,3,0
2025-10-19,Amazon,267,157,7,5,1
2025-10-19,TikTok Shop,484,246,10,5,2
2025-10-19,Walmart,200,100,10,4,2
2025-10-20,Shopify,521,276,10,6,3
2025-10-20,Amazon,303,163,11,5,2
2025-10-20,TikTok Shop,396,235,5,5,1
2025-10-20,Walmart,221,119,8,5,3
2025-10-21,Shopify,339,213,9,5,1
2025-10-21,Amazon,197,121,14,5,3
2025-10-21,TikTok Shop,677,354,12,5,2
2025-10-21,Walmart,102,56,1,1,0
2025-10-22,Shopify,253,143,5,1,0
2025-10-22,Amazon,189,99,5,2,1
2025-10-22,TikTok Shop,654,343,10,4,2
2025-10-22,Walmart,180,106,2,2,1
2025-10-23,Shopify,314,181,7,3,1
2025-10-23,Amazon,205,113,5,3,1
2025-10-23,TikTok Shop,446,275,7,5,1
2025-10-23,Walmart,189,99,6,5,2
2025-10-24,Shopify,321,195,9,6,2
2025-10-24,Amazon,236,152,12,4,3
2025-10-24,TikTok Shop,687,440,12,5,2
2025-10-24,Walmart,286,159,18,7,4
2025-10-25,Shopify,416,225,11,6,3
2025-10-25,Amazon,269,154,0,0,0
2025-10-25,TikTok Shop,438,270,6,4,2
2025-10-25,Walmart,264,154,16,9,5
2025-10-26,Shopify,362,185,1,1,0
2025-10-26,Amazon,229,126,15,4,4
2025-10-26,TikTok Shop,470,300,13,4,3
2025-10-26,Walmart,134,77,4,2,0
2025-10-27,Shopify,437,283,11,3,2
2025-10-27,Amazon,180,96,8,4,1
2025-10-27,TikTok Shop,669,380,12,3,2
2025-10-27,Walmart,179,105,6,4,2
2025-10-28,Shopify,374,204,1,1,0
2025-10-28,Amazon,287,186,8,5,2
2025-10-28,TikTok Shop,381,239,4,2,0
2025-10-28,Walmart,127,66,7,2,1
2025-10-29,Shopify,488,298,17,7,4
2025-10-29,Amazon,307,198,11,7,3
2025-10-29,TikTok Shop,675,405,8,6,2
2025-10-29,Walmart,179,109,1,1,0
2025-10-30,Shopify,366,225,10,5,2
2025-10-30,Amazon,219,137,8,3,1
2025-10-30,TikTok Shop,485,308,8,4,2
2025-10-30,Walmart,205,114,10,5,3
2025-10-31,Shopify,459,270,12,4,3
2025-10-31,Amazon,210,133,6,4,0
2025-10-31,TikTok Shop,413,261,7,3,1
2025-10-31,Walmart,227,114,10,6,2
2025-11-01,Shopify,368,195,12,2,2
2025-11-01,Amazon,195,114,7,3,1
2025-11-01,TikTok Shop,463,250,6,2,1
2025-11-01,Walmart,157,79,4,0,0
2025-11-02,Shopify,298,191,2,1,0
2025-11-02,Amazon,151,88,5,1,0
2025-11-02,TikTok Shop,570,341,2,0,0
2025-11-02,Walmart,200,110,8,3,2
2025-11-03,Shopify,463,287,10,6,2
2025-11-03,Amazon,274,154,5,2,1
2025-11-03,TikTok Shop,427,274,5,4,1
2025-11-03,Walmart,144,87,2,1,0
2025-11-04,Shopify,543,309,18,6,5
2025-11-04,Amazon,208,131,6,5,2
2025-11-04,TikTok Shop,401,254,4,2,1
2025-11-04,Walmart,220,115,11,6,2
2025-11-05,Shopify,318,159,6,3,1
2025-11-05,Amazon,212,120,15,7,4
2025-11-05,TikTok Shop,478,307,10,4,2
2025-11-05,Walmart,235,119,16,5,3
2025-11-06,Shopify,312,188,6,3,0
2025-11-06,Amazon,188,101,3,2,1
2025-11-06,TikTok Shop,560,327,6,3,2
2025-11-06,Walmart,130,82,9,2,1
2025-11-07,Shopify,422,273,3,2,1
2025-11-07,Amazon,248,129,11,6,2
2025-11-07,TikTok Shop,667,346,7,5,2
2025-11-07,Walmart,238,119,13,6,3
2025-11-08,Shopify,352,186,10,6,3
2025-11-08,Amazon,234,122,7,5,1
2025-11-08,TikTok Shop,510,271,10,5,2
2025-11-08,Walmart,198,110,6,3,1
2025-11-09,Shopify,368,199,8,4,2
2025-11-09,Amazon,209,114,6,6,2
2025-11-09,TikTok Shop,650,406,9,2,2
2025-11-09,Walmart,193,118,5,1,1
2025-11-10,Shopify,517,331,9,6,3
2025-11-10,Amazon,238,121,8,3,1
2025-11-10,TikTok Shop,681,400,15,8,4
2025-11-10,Walmart,206,107,7,6,2
2025-11-11,Shopify,462,261,5,5,2
2025-11-11,Amazon,234,137,8,4,1
2025-11-11,TikTok Shop,616,340,5,3,1
2025-11-11,Walmart,182,97,6,3,2
2025-11-12,Shopify,406,211,12,5,4
2025-11-12,Amazon,196,103,7,6,3
2025-11-12,TikTok Shop,559,355,14,4,3
2025-11-12,Walmart,163,96,1,1,0
2025-11-13,Shopify,376,217,9,4,2
2025-11-13,Amazon,211,131,3,3,0
2025-11-13,TikTok Shop,536,309,13,7,3
2025-11-13,Walmart,228,147,12,6,4
2025-11-14,Shopify,515,325,11,7,3
2025-11-14,Amazon,175,110,3,3,1
2025-11-14,TikTok Shop,452,238,5,5,1
2025-11-14,Walmart,130,78,7,4,1
2025-11-15,Shopify,357,222,7,4,2
2025-11-15,Amazon,264,166,10,4,3
2025-11-15,TikTok Shop,450,232,3,3,1
2025-11-15,Walmart,115,66,3,2,0
2025-11-16,Shopify,284,175,5,4,1
2025-11-16,Amazon,309,164,13,6,3
2025-11-16,TikTok Shop,461,264,5,5,2
2025-11-16,Walmart,249,159,11,4,3
2025-11-17,Shopify,418,248,11,6,2
2025-11-17,Amazon,278,147,8,3,1
2025-11-17,TikTok Shop,426,248,6,2,1
2025-11-17,Walmart,231,126,5,4,2
2025-11-18,Shopify,355,181,5,1,1
2025-11-18,Amazon,221,116,12,6,3
2025-11-18,TikTok Shop,641,397,2,2,1
2025-11-18,Walmart,142,74,5,2,0
2025-11-19,Shopify,477,266,9,4,2
2025-11-19,Amazon,275,176,8,6,2
2025-11-19,TikTok Shop,547,312,7,2,1
2025-11-19,Walmart,200,111,12,2,2
2025-11-20,Shopify,405,219,5,3,2
2025-11-20,Amazon,194,124,7,3,2
2025-11-20,TikTok Shop,338,204,3,2,0
2025-11-20,Walmart,206,122,5,2,2
2025-11-21,Shopify,468,259,14,3,3
2025-11-21,Amazon,196,126,3,0,0
2025-11-21,TikTok Shop,403,210,8,1,1
2025-11-21,Walmart,180,109,7,5,2
2025-11-22,Shopify,339,201,11,3,2
2025-11-22,Amazon,328,173,13,5,4
2025-11-22,TikTok Shop,514,262,10,3,2
2025-11-22,Walmart,162,91,8,2,1
2025-11-23,Shopify,498,303,18,8,5
2025-11-23,Amazon,280,161,12,2,2
2025-11-23,TikTok Shop,554,311,3,3,1
2025-11-23,Walmart,225,124,8,2,2
2025-11-24,Shopify,445,251,7,4,2
2025-11-24,Amazon,261,166,15,4,3
2025-11-24,TikTok Shop,661,415,10,4,2
2025-11-24,Walmart,164,85,11,4,2
2025-11-25,Shopify,331,191,4,0,0
2025-11-25,Amazon,190,105,5,2,0
2025-11-25,TikTok Shop,511,282,1,1,0
2025-11-25,Walmart,231,150,8,3,2
2025-11-26,Shopify,310,162,4,4,1
2025-11-26,Amazon,266,172,6,3,1
2025-11-26,TikTok Shop,625,335,5,4,1
2025-11-26,Walmart,191,97,2,2,1
2025-11-27,Shopify,506,311,23,10,6
2025-11-27,Amazon,249,144,7,5,1
2025-11-27,TikTok Shop,658,408,12,4,2
2025-11-27,Walmart,153,84,8,5,1
2025-11-28,Shopify,447,228,5,3,1
2025-11-28,Amazon,201,123,6,5,1
2025-11-28,TikTok Shop,372,195,3,0,0
2025-11-28,Walmart,195,102,9,4,2
2025-11-29,Shopify,338,176,11,4,2
2025-11-29,Amazon,206,127,3,2,0
2025-11-29,TikTok Shop,512,319,11,4,2
2025-11-29,Walmart,223,138,12,5,3
2025-11-30,Shopify,382,239,9,5,3
2025-11-30,Amazon,205,105,5,0,0
2025-11-30,TikTok Shop,515,260,5,2,1
2025-11-30,Walmart,219,132,13,5,3
2025-12-01,Shopify,334,212,7,5,2
2025-12-01,Amazon,263,170,14,6,3
2025-12-01,TikTok Shop,573,367,9,2,2
2025-12-01,Walmart,170,108,0,0,0
2025-12-02,Shopify,278,174,7,2,1
2025-12-02,Amazon,242,139,14,7,3
2025-12-02,TikTok Shop,619,310,5,4,1
2025-12-02,Walmart,203,129,4,4,1
2025-12-03,Shopify,455,240,15,5,3
2025-12-03,Amazon,254,149,15,7,4
2025-12-03,TikTok Shop,568,317,6,3,1
2025-12-03,Walmart,202,112,6,3,1
2025-12-04,Shopify,350,181,4,3,1
2025-12-04,Amazon,209,125,7,3,2
2025-12-04,TikTok Shop,458,278,3,2,1
2025-12-04,Walmart,163,92,6,2,1
2025-12-05,Shopify,328,182,2,2,1
2025-12-05,Amazon,217,117,6,2,2
2025-12-05,TikTok Shop,455,268,9,4,2
2025-12-05,Walmart,183,92,6,2,1
2025-12-06,Shopify,369,235,9,4,3
2025-12-06,Amazon,181,111,8,3,1
2025-12-06,TikTok Shop,615,399,8,4,2
2025-12-06,Walmart,136,87,5,1,0
2025-12-07,Shopify,388,239,6,2,1
2025-12-07,Amazon,229,132,5,2,1
2025-12-07,TikTok Shop,521,280,8,3,2
2025-12-07,Walmart,201,110,7,3,2
2025-12-08,Shopify,267,170,9,5,1
2025-12-08,Amazon,180,106,5,3,1
2025-12-08,TikTok Shop,503,254,8,3,3
2025-12-08,Walmart,200,114,13,4,3
2025-12-09,Shopify,391,238,9,4,3
2025-12-09,Amazon,233,119,4,3,0
2025-12-09,TikTok Shop,433,239,9,4,2
2025-12-09,Walmart,152,78,3,0,0
2025-12-10,Shopify,336,193,5,3,1
2025-12-10,Amazon,253,162,5,3,1
2025-12-10,TikTok Shop,424,226,6,1,0
2025-12-10,Walmart,142,80,1,1,0
2025-12-11,Shopify,299,170,3,3,0
2025-12-11,Amazon,208,131,3,2,0
2025-12-11,TikTok Shop,533,274,3,2,1
2025-12-11,Walmart,251,131,10,7,3
2025-12-12,Shopify,404,262,13,7,4
2025-12-12,Amazon,229,141,15,4,4
2025-12-12,TikTok Shop,603,376,6,2,1
2025-12-12,Walmart,309,155,16,7,5
2025-12-13,Shopify,415,257,16,5,3
2025-12-13,Amazon,293,185,9,5,2
2025-12-13,TikTok Shop,533,278,5,0,0
2025-12-13,Walmart,209,130,8,3,1
2025-12-14,Shopify,522,323,14,7,4
2025-12-14,Amazon,220,128,1,1,0
2025-12-14,TikTok Shop,699,440,10,4,3
2025-12-14,Walmart,165,104,4,3,0
2025-12-15,Shopify,374,238,14,5,4
2025-12-15,Amazon,202,118,4,4,1
2025-12-15,TikTok Shop,608,309,7,5,2
2025-12-15,Walmart,196,103,7,4,2
2025-12-16,Shopify,502,318,10,4,3
2025-12-16,Amazon,163,85,3,1,0
2025-12-16,TikTok Shop,665,360,11,6,3
2025-12-16,Walmart,98,62,1,1,0
2025-12-17,Shopify,338,200,12,3,3
2025-12-17,Amazon,233,136,11,6,2
2025-12-17,TikTok Shop,618,396,8,3,2
2025-12-17,Walmart,163,102,0,0,0
2025-12-18,Shopify,321,175,2,2,0
2025-12-18,Amazon,229,125,8,5,1
2025-12-18,TikTok Shop,613,394,8,5,2
2025-12-18,Walmart,183,106,6,3,1
2025-12-19,Shopify,416,251,14,6,4
2025-12-19,Amazon,299,172,15,6,5
2025-12-19,TikTok Shop,522,334,7,4,2
2025-12-19,Walmart,208,118,11,3,2
2025-12-20,Shopify,386,202,9,4,2
2025-12-20,Amazon,212,128,9,7,3
2025-12-20,TikTok Shop,560,357,13,5,4
2025-12-20,Walmart,147,85,8,3,1
2025-12-21,Shopify,411,236,1,1,0
2025-12-21,Amazon,274,151,14,4,4
2025-12-21,TikTok Shop,523,318,9,3,2
2025-12-21,Walmart,165,102,4,4,1
2025-12-22,Shopify,315,191,5,2,0
2025-12-22,Amazon,228,129,6,5,2
2025-12-22,TikTok Shop,495,262,12,5,3
2025-12-22,Walmart,181,108,2,2,0
2025-12-23,Shopify,326,188,6,2,1
2025-12-23,Amazon,189,121,6,2,2
2025-12-23,TikTok Shop,575,363,4,3,0
2025-12-23,Walmart,206,111,6,2,1
2025-12-24,Shopify,288,148,6,3,1
2025-12-24,Amazon,255,141,1,1,0
2025-12-24,TikTok Shop,436,279,1,1,0
2025-12-24,Walmart,126,64,5,3,0
2025-12-25,Shopify,324,199,5,4,0
2025-12-25,Amazon,202,126,2,2,0
2025-12-25,TikTok Shop,710,360,13,8,5
2025-12-25,Walmart,153,97,8,3,1
2025-12-26,Shopify,427,224,9,4,2
2025-12-26,Amazon,247,139,8,4,2
2025-12-26,TikTok Shop,563,300,5,3,1
2025-12-26,Walmart,259,155,15,6,5
2025-12-27,Shopify,419,250,11,5,3
2025-12-27,Amazon,232,125,11,5,2
2025-12-27,TikTok Shop,603,375,2,2,1
2025-12-27,Walmart,222,141,9,2,2
2025-12-28,Shopify,346,224,8,2,1
2025-12-28,Amazon,179,103,1,1,0
2025-12-28,TikTok Shop,471,278,10,4,2
2025-12-28,Walmart,152,88,2,2,0
2025-12-29,Shopify,410,238,12,5,3
2025-12-29,Amazon,244,123,6,3,1
2025-12-29,TikTok Shop,600,372,5,3,1
2025-12-29,Walmart,206,109,5,2,1
2025-12-30,Shopify,413,249,7,2,1
2025-12-30,Amazon,189,118,7,2,1
2025-12-30,TikTok Shop,558,343,11,5,2
2025-12-30,Walmart,141,90,3,3,0
2025-12-31,Shopify,380,198,10,6,2
2025-12-31,Amazon,236,152,5,1,1
2025-12-31,TikTok Shop,483,261,11,3,2
2025-12-31,Walmart,187,117,5,2,1
2026-01-01,Shopify,324,192,2,1,0
2026-01-01,Amazon,243,143,11,6,3
2026-01-01,TikTok Shop,581,308,8,6,3
2026-01-01,Walmart,142,81,5,2,0
2026-01-02,Shopify,540,275,12,5,4
2026-01-02,Amazon,211,133,10,5,2
2026-01-02,TikTok Shop,563,327,6,3,1
2026-01-02,Walmart,175,95,11,5,2
2026-01-03,Shopify,283,184,5,4,1
2026-01-03,Amazon,233,118,1,1,0
2026-01-03,TikTok Shop,379,211,7,2,1
2026-01-03,Walmart,156,99,8,3,1
2026-01-04,Shopify,308,182,8,5,2
2026-01-04,Amazon,215,122,3,2,1
2026-01-04,TikTok Shop,567,290,5,2,0
2026-01-04,Walmart,191,111,9,5,2
2026-01-05,Shopify,330,170,2,2,0
2026-01-05,Amazon,263,138,4,3,1
2026-01-05,TikTok Shop,540,314,9,4,2
2026-01-05,Walmart,240,153,14,5,4
2026-01-06,Shopify,387,205,4,4,1
2026-01-06,Amazon,235,127,5,1,1
2026-01-06,TikTok Shop,475,243,0,0,0
2026-01-06,Walmart,193,103,13,3,3
2026-01-07,Shopify,421,259,8,3,2
2026-01-07,Amazon,291,165,12,4,2
2026-01-07,TikTok Shop,722,428,13,3,3
2026-01-07,Walmart,208,117,13,6,3
2026-01-08,Shopify,411,221,12,3,2
2026-01-08,Amazon,169,93,5,2,1
2026-01-08,TikTok Shop,587,359,3,3,1
2026-01-08,Walmart,190,121,14,3,3
2026-01-09,Shopify,307,196,1,0,0
2026-01-09,Amazon,241,131,7,3,1
2026-01-09,TikTok Shop,676,372,11,5,4
2026-01-09,Walmart,190,120,7,4,1
2026-01-10,Shopify,412,219,0,0,0
2026-01-10,Amazon,185,97,6,4,1
2026-01-10,TikTok Shop,701,385,13,8,4
2026-01-10,Walmart,187,120,8,2,2
2026-01-11,Shopify,310,173,6,4,1
2026-01-11,Amazon,316,192,15,3,3
2026-01-11,TikTok Shop,621,313,11,4,2
2026-01-11,Walmart,228,148,13,4,4
2026-01-12,Shopify,407,250,16,7,5
2026-01-12,Amazon,271,155,13,7,3
2026-01-12,TikTok Shop,369,206,0,0,0
2026-01-12,Walmart,245,143,10,7,3
2026-01-13,Shopify,381,243,7,4,2
2026-01-13,Amazon,272,163,13,4,3
2026-01-13,TikTok Shop,384,213,4,3,1
2026-01-13,Walmart,186,100,6,4,1
2026-01-14,Shopify,405,232,10,6,2
2026-01-14,Amazon,152,81,2,2,0
2026-01-14,TikTok Shop,472,253,8,3,1
2026-01-14,Walmart,131,69,6,1,1
2026-01-15,Shopify,505,266,14,4,3
2026-01-15,Amazon,283,183,14,4,3
2026-01-15,TikTok Shop,462,244,8,3,2
2026-01-15,Walmart,214,121,8,2,2
2026-01-16,Shopify,266,161,3,1,0
2026-01-16,Amazon,255,135,7,3,1
2026-01-16,TikTok Shop,787,457,15,4,4
2026-01-16,Walmart,131,72,9,4,1
2026-01-17,Shopify,431,218,11,6,4
2026-01-17,Amazon,314,186,16,9,5
2026-01-17,TikTok Shop,773,473,12,7,4
2026-01-17,Walmart,99,53,1,0,0
2026-01-18,Shopify,316,189,8,5,2
2026-01-18,Amazon,177,113,7,2,1
2026-01-18,TikTok Shop,495,273,6,3,1
2026-01-18,Walmart,189,99,5,5,2
2026-01-19,Shopify,509,266,16,6,4
2026-01-19,Amazon,268,150,1,0,0
2026-01-19,TikTok Shop,488,294,8,4,2
2026-01-19,Walmart,119,72,1,1,0
2026-01-20,Shopify,377,215,2,0,0
2026-01-20,Amazon,216,125,16,7,4
2026-01-20,TikTok Shop,717,435,15,6,3
2026-01-20,Walmart,178,110,5,3,0
2026-01-21,Shopify,517,264,19,4,4
2026-01-21,Amazon,189,109,4,2,1
2026-01-21,TikTok Shop,581,353,10,4,2
2026-01-21,Walmart,178,106,8,4,1
2026-01-22,Shopify,342,207,4,0,0
2026-01-22,Amazon,208,135,4,2,1
2026-01-22,TikTok Shop,656,387,7,3,2
2026-01-22,Walmart,162,104,5,1,0
2026-01-23,Shopify,443,275,19,8,5
2026-01-23,Amazon,156,97,5,1,0
2026-01-23,TikTok Shop,594,336,5,2,0
2026-01-23,Walmart,253,132,11,5,3
2026-01-24,Shopify,318,172,7,4,1
2026-01-24,Amazon,267,156,8,1,1
2026-01-24,TikTok Shop,540,285,6,4,2
2026-01-24,Walmart,292,162,13,8,4
2026-01-25,Shopify,267,144,7,3,1
2026-01-25,Amazon,272,162,7,2,2
2026-01-25,TikTok Shop,500,316,10,3,3
2026-01-25,Walmart,144,79,3,2,1
2026-01-26,Shopify,291,169,2,1,0
2026-01-26,Amazon,276,168,4,4,1
2026-01-26,TikTok Shop,372,222,8,4,1
2026-01-26,Walmart,160,80,10,4,2
2026-01-27,Shopify,411,209,8,4,1
2026-01-27,Amazon,209,123,1,0,0
2026-01-27,TikTok Shop,395,217,2,2,1
2026-01-27,Walmart,135,87,5,5,1
2026-01-28,Shopify,434,275,12,3,2
2026-01-28,Amazon,158,93,0,0,0
2026-01-28,TikTok Shop,601,333,4,3,1
2026-01-28,Walmart,113,66,3,0,0
2026-01-29,Shopify,384,243,9,6,2
2026-01-29,Amazon,265,137,13,6,2
2026-01-29,TikTok Shop,644,333,11,4,3
2026-01-29,Walmart,161,101,3,2,0
2026-01-30,Shopify,380,203,0,0,0
2026-01-30,Amazon,215,122,4,1,0
2026-01-30,TikTok Shop,402,256,8,3,1
2026-01-30,Walmart,213,112,17,6,4
2026-01-31,Shopify,474,248,10,4,2
2026-01-31,Amazon,280,168,11,6,3
2026-01-31,TikTok Shop,539,336,7,3,1
2026-01-31,Walmart,133,86,6,4,1
2026-02-01,Shopify,354,195,10,4,2
2026-02-01,Amazon,290,170,8,4,2
2026-02-01,TikTok Shop,499,305,7,1,1
2026-02-01,Walmart,191,111,7,1,1
2026-02-02,Shopify,343,213,8,1,1
2026-02-02,Amazon,239,149,6,5,1
2026-02-02,TikTok Shop,330,191,2,2,0
2026-02-02,Walmart,232,124,9,3,2
2026-02-03,Shopify,510,326,10,7,3
2026-02-03,Amazon,222,124,7,1,1
2026-02-03,TikTok Shop,569,307,1,1,0
2026-02-03,Walmart,209,114,6,5,2
2026-02-04,Shopify,450,265,15,6,3
2026-02-04,Amazon,176,89,5,1,0
2026-02-04,TikTok Shop,466,265,7,2,2
2026-02-04,Walmart,212,111,8,3,2
2026-02-05,Shopify,472,262,6,4,2
2026-02-05,Amazon,215,114,11,5,3
2026-02-05,TikTok Shop,490,302,5,5,1
2026-02-05,Walmart,167,104,8,4,1
2026-02-06,Shopify,253,130,2,1,0
2026-02-06,Amazon,262,147,6,3,1
2026-02-06,TikTok Shop,541,278,8,3,1
2026-02-06,Walmart,163,95,10,6,2
2026-02-07,Shopify,557,339,13,4,4
2026-02-07,Amazon,270,140,10,7,3
2026-02-07,TikTok Shop,657,340,6,5,2
2026-02-07,Walmart,239,149,9,4,3
2026-02-08,Shopify,372,238,9,5,1
2026-02-08,Amazon,189,97,5,3,0
2026-02-08,TikTok Shop,586,371,3,2,1
2026-02-08,Walmart,179,114,4,1,1
2026-02-09,Shopify,511,276,17,4,4
2026-02-09,Amazon,188,115,1,1,0
2026-02-09,TikTok Shop,418,261,3,3,1
2026-02-09,Walmart,132,72,3,2,0
2026-02-10,Shopify,446,237,4,3,1
2026-02-10,Amazon,171,100,5,3,0
2026-02-10,TikTok Shop,607,358,8,4,1
2026-02-10,Walmart,224,121,11,3,2
2026-02-11,Shopify,326,193,5,2,2
2026-02-11,Amazon,180,91,7,1,1
2026-02-11,TikTok Shop,650,350,11,6,3
2026-02-11,Walmart,168,89,9,3,1
2026-02-12,Shopify,362,234,9,4,2
2026-02-12,Amazon,201,130,6,2,0
2026-02-12,TikTok Shop,434,251,2,2,0
2026-02-12,Walmart,181,91,8,4,1
2026-02-13,Shopify,410,207,0,0,0
2026-02-13,Amazon,320,175,14,6,3
2026-02-13,TikTok Shop,588,303,5,4,0
2026-02-13,Walmart,152,83,6,5,1
2026-02-14,Shopify,480,267,13,6,4
2026-02-14,Amazon,274,156,6,3,1
2026-02-14,TikTok Shop,481,311,4,2,0
2026-02-14,Walmart,226,144,7,3,2
2026-02-15,Shopify,300,153,3,3,1
2026-02-15,Amazon,183,119,5,2,1
2026-02-15,TikTok Shop,494,317,5,2,1
2026-02-15,Walmart,116,70,4,1,0
2026-02-16,Shopify,434,240,12,5,4
2026-02-16,Amazon,263,147,8,4,1
2026-02-16,TikTok Shop,400,219,9,5,1
2026-02-16,Walmart,222,144,5,5,2
2026-02-17,Shopify,337,179,5,2,1
2026-02-17,Amazon,178,107,6,4,1
2026-02-17,TikTok Shop,604,326,6,1,1
2026-02-17,Walmart,191,110,7,3,1
2026-02-18,Shopify,381,202,4,2,1
2026-02-18,Amazon,245,136,5,5,2
2026-02-18,TikTok Shop,386,239,3,3,1
2026-02-18,Walmart,142,76,7,5,1
2026-02-19,Shopify,425,233,7,3,1
2026-02-19,Amazon,284,151,22,7,6
2026-02-19,TikTok Shop,529,338,13,5,4
2026-02-19,Walmart,248,139,8,5,3
2026-02-20,Shopify,298,179,4,4,1
2026-02-20,Amazon,233,147,8,1,1
2026-02-20,TikTok Shop,706,384,15,7,3
2026-02-20,Walmart,145,82,6,2,1
2026-02-21,Shopify,376,204,17,5,4
2026-02-21,Amazon,187,99,7,2,1
2026-02-21,TikTok Shop,369,193,4,0,0
2026-02-21,Walmart,134,78,5,4,1
2026-02-22,Shopify,365,236,7,5,2
2026-02-22,Amazon,233,132,6,3,2
2026-02-22,TikTok Shop,454,253,5,3,0
2026-02-22,Walmart,130,67,4,1,0
2026-02-23,Shopify,394,225,11,4,2
2026-02-23,Amazon,218,141,0,0,0
2026-02-23,TikTok Shop,590,350,10,6,2
2026-02-23,Walmart,195,122,12,5,3
2026-02-24,Shopify,385,222,5,4,1
2026-02-24,Amazon,216,128,6,5,2
2026-02-24,TikTok Shop,779,485,16,11,7
2026-02-24,Walmart,201,109,10,4,2
2026-02-25,Shopify,547,281,11,7,4
2026-02-25,Amazon,245,158,5,4,1
2026-02-25,TikTok Shop,443,230,4,4,1
2026-02-25,Walmart,162,105,9,5,2
2026-02-26,Shopify,402,204,10,4,2
2026-02-26,Amazon,232,128,8,4,2
2026-02-26,TikTok Shop,544,344,3,2,0
2026-02-26,Walmart,257,160,14,8,5
2026-02-27,Shopify,356,181,1,1,0
2026-02-27,Amazon,217,139,6,0,0
2026-02-27,TikTok Shop,511,313,6,2,1
2026-02-27,Walmart,255,139,9,7,3
2026-02-28,Shopify,462,290,14,6,4
2026-02-28,Amazon,289,179,4,1,1
2026-02-28,TikTok Shop,594,343,8,2,1
2026-02-28,Walmart,138,80,8,1,1
2026-03-01,Shopify,425,238,14,4,3
2026-03-01,Amazon,209,122,5,4,0
2026-03-01,TikTok Shop,726,447,12,4,4
2026-03-01,Walmart,129,73,5,3,1
2026-03-02,Shopify,409,240,5,4,1
2026-03-02,Amazon,203,116,8,5,2
2026-03-02,TikTok Shop,525,293,1,1,0
2026-03-02,Walmart,215,117,7,5,2
2026-03-03,Shopify,533,342,17,7,4
2026-03-03,Amazon,184,98,3,2,0
2026-03-03,TikTok Shop,508,257,11,6,2
2026-03-03,Walmart,99,52,2,2,0
2026-03-04,Shopify,393,213,10,5,2
2026-03-04,Amazon,216,140,13,5,4
2026-03-04,TikTok Shop,645,394,8,5,2
2026-03-04,Walmart,151,91,7,3,1
2026-03-05,Shopify,398,250,4,1,1
2026-03-05,Amazon,182,115,10,4,2
2026-03-05,TikTok Shop,570,320,10,3,2
2026-03-05,Walmart,295,189,13,8,4
2026-03-06,Shopify,446,271,7,3,1
2026-03-06,Amazon,245,123,13,5,3
2026-03-06,TikTok Shop,417,255,11,4,2
2026-03-06,Walmart,130,74,2,2,0
2026-03-07,Shopify,456,277,9,3,2
2026-03-07,Amazon,215,116,5,4,1
2026-03-07,TikTok Shop,764,460,13,7,4
2026-03-07,Walmart,198,111,8,2,1
2026-03-08,Shopify,422,267,14,7,3
2026-03-08,Amazon,217,120,2,2,0
2026-03-08,TikTok Shop,468,294,7,3,1
2026-03-08,Walmart,172,101,6,4,0
2026-03-09,Shopify,312,172,10,2,2
2026-03-09,Amazon,163,86,3,3,0
2026-03-09,TikTok Shop,647,352,7,3,2
2026-03-09,Walmart,235,128,10,2,2
2026-03-10,Shopify,398,244,9,2,2
2026-03-10,Amazon,231,148,5,3,2
2026-03-10,TikTok Shop,478,269,15,4,3
2026-03-10,Walmart,190,121,4,4,1
2026-03-11,Shopify,379,199,2,2,0
2026-03-11,Amazon,259,155,9,6,3
2026-03-11,TikTok Shop,598,331,9,3,1
2026-03-11,Walmart,198,102,7,3,1
2026-03-12,Shopify,381,213,14,4,3
2026-03-12,Amazon,212,119,7,4,2
2026-03-12,TikTok Shop,401,202,5,2,1
2026-03-12,Walmart,99,54,6,1,0
2026-03-13,Shopify,384,247,9,3,3
2026-03-13,Amazon,217,109,16,5,4
2026-03-13,TikTok Shop,611,337,10,4,3
2026-03-13,Walmart,242,153,9,7,3
2026-03-14,Shopify,338,195,12,5,3
2026-03-14,Amazon,190,116,3,3,0
2026-03-14,TikTok Shop,363,219,4,4,0
2026-03-14,Walmart,267,143,8,4,3
2026-03-15,Shopify,380,229,2,2,1
2026-03-15,Amazon,167,89,2,2,0
2026-03-15,TikTok Shop,502,257,5,1,0
2026-03-15,Walmart,259,160,11,6,3
2026-03-16,Shopify,383,198,9,5,2
2026-03-16,Amazon,246,124,12,4,2
2026-03-16,TikTok Shop,636,413,15,5,4
2026-03-16,Walmart,125,77,0,0,0
2026-03-17,Shopify,373,213,6,5,1
2026-03-17,Amazon,183,110,6,3,2
2026-03-17,TikTok Shop,589,348,8,6,2
2026-03-17,Walmart,216,128,17,6,4
2026-03-18,Shopify,409,221,12,7,4
2026-03-18,Amazon,276,141,9,5,2
2026-03-18,TikTok Shop,550,351,11,5,2
2026-03-18,Walmart,139,84,7,4,1
2026-03-19,Shopify,249,153,5,2,0
2026-03-19,Amazon,274,140,3,2,1
2026-03-19,TikTok Shop,614,310,16,4,3
2026-03-19,Walmart,251,153,16,6,3
2026-03-20,Shopify,276,163,1,1,0
2026-03-20,Amazon,285,170,6,5,2
2026-03-20,TikTok Shop,397,201,3,3,0
2026-03-20,Walmart,168,97,6,2,2
2026-03-21,Shopify,403,255,6,3,0
2026-03-21,Amazon,200,100,7,1,1
2026-03-21,TikTok Shop,463,286,7,4,1
2026-03-21,Walmart,199,121,6,3,1
2026-03-22,Shopify,462,255,11,4,2
2026-03-22,Amazon,284,172,15,5,3
2026-03-22,TikTok Shop,470,269,13,4,3
2026-03-22,Walmart,132,69,2,0,0
2026-03-23,Shopify,268,169,4,2,1
2026-03-23,Amazon,257,153,15,3,3
2026-03-23,TikTok Shop,618,384,10,3,3
2026-03-23,Walmart,193,111,3,1,1
2026-03-24,Shopify,393,203,9,6,2
2026-03-24,Amazon,266,153,8,6,2
2026-03-24,TikTok Shop,523,321,8,3,1
2026-03-24,Walmart,201,114,8,6,2
2026-03-25,Shopify,329,192,7,4,2
2026-03-25,Amazon,193,109,5,3,1
2026-03-25,TikTok Shop,558,362,10,2,2
2026-03-25,Walmart,141,81,7,4,1
2026-03-26,Shopify,318,163,0,0,0
2026-03-26,Amazon,264,164,9,5,2
2026-03-26,TikTok Shop,687,394,9,5,2
2026-03-26,Walmart,99,58,4,1,0
2026-03-27,Shopify,292,152,8,2,1
2026-03-27,Amazon,258,148,8,1,1
2026-03-27,TikTok Shop,510,306,11,3,3
2026-03-27,Walmart,215,112,10,5,2
2026-03-28,Shopify,486,256,9,6,2
2026-03-28,Amazon,265,148,13,5,4
2026-03-28,TikTok Shop,486,285,8,4,3
2026-03-28,Walmart,159,80,3,3,0
2026-03-29,Shopify,311,175,5,2,2
2026-03-29,Amazon,157,98,5,4,0
2026-03-29,TikTok Shop,668,379,10,5,3
2026-03-29,Walmart,165,89,6,1,0
2026-03-30,Shopify,401,234,5,2,1
2026-03-30,Amazon,326,195,19,7,5
2026-03-30,TikTok Shop,587,333,2,2,0
2026-03-30,Walmart,226,140,17,6,4
2026-03-31,Shopify,443,274,11,4,3
2026-03-31,Amazon,256,160,11,4,2
2026-03-31,TikTok Shop,606,343,14,7,4
2026-03-31,Walmart,231,132,6,2,2
2026-04-01,Shopify,431,268,7,4,1
2026-04-01,Amazon,163,97,6,3,1
2026-04-01,TikTok Shop,730,419,10,4,3
2026-04-01,Walmart,226,147,11,6,2
2026-04-02,Shopify,482,304,11,4,3
2026-04-02,Amazon,238,121,6,4,1
2026-04-02,TikTok Shop,360,214,3,0,0
2026-04-02,Walmart,127,69,6,4,1
2026-04-03,Shopify,386,246,4,3,1
2026-04-03,Amazon,311,176,9,6,3
2026-04-03,TikTok Shop,593,324,4,3,0
2026-04-03,Walmart,296,171,14,4,4
2026-04-04,Shopify,354,193,8,4,1
2026-04-04,Amazon,311,174,14,5,4
2026-04-04,TikTok Shop,325,176,5,0,0
2026-04-04,Walmart,203,104,10,3,2
2026-04-05,Shopify,363,223,6,4,2
2026-04-05,Amazon,274,141,9,2,2
2026-04-05,TikTok Shop,442,280,8,4,1
2026-04-05,Walmart,178,97,7,3,2
2026-04-06,Shopify,261,152,2,2,0
2026-04-06,Amazon,242,129,9,1,1
2026-04-06,TikTok Shop,527,336,6,5,2
2026-04-06,Walmart,234,134,12,6,3
2026-04-07,Shopify,450,277,3,2,1
2026-04-07,Amazon,229,118,6,3,0
2026-04-07,TikTok Shop,679,383,13,7,4
2026-04-07,Walmart,241,133,9,5,3
2026-04-08,Shopify,494,299,13,4,4
2026-04-08,Amazon,220,128,13,6,3
2026-04-08,TikTok Shop,732,429,16,7,4
2026-04-08,Walmart,193,112,8,4,2
2026-04-09,Shopify,381,210,6,5,1
2026-04-09,Amazon,201,120,5,1,1
2026-04-09,TikTok Shop,553,326,5,2,0
2026-04-09,Walmart,225,133,12,6,3
2026-04-10,Shopify,373,239,13,3,3
2026-04-10,Amazon,299,164,13,6,3
2026-04-10,TikTok Shop,618,387,5,3,1
2026-04-10,Walmart,178,108,11,2,2
2026-04-11,Shopify,456,248,9,4,2
2026-04-11,Amazon,315,178,12,4,3
2026-04-11,TikTok Shop,423,271,7,2,2
2026-04-11,Walmart,199,107,10,7,3
2026-04-12,Shopify,254,135,4,2,0
2026-04-12,Amazon,311,183,12,4,4
2026-04-12,TikTok Shop,622,401,10,2,2
2026-04-12,Walmart,208,135,9,6,2
2026-04-13,Shopify,307,176,0,0,0
2026-04-13,Amazon,249,136,8,2,1
2026-04-13,TikTok Shop,580,376,16,4,3
2026-04-13,Walmart,195,125,9,2,1
2026-04-14,Shopify,408,263,11,4,3
2026-04-14,Amazon,205,128,1,1,0
2026-04-14,TikTok Shop,430,253,8,3,2
2026-04-14,Walmart,297,181,16,6,5
2026-04-15,Shopify,245,142,5,4,0
2026-04-15,Amazon,165,105,6,3,1
2026-04-15,TikTok Shop,518,284,14,4,3
2026-04-15,Walmart,262,160,16,7,4
2026-04-16,Shopify,341,220,5,3,1
2026-04-16,Amazon,224,124,5,1,0
2026-04-16,TikTok Shop,383,215,4,3,1
2026-04-16,Walmart,246,154,11,4,3
2026-04-17,Shopify,390,252,5,2,0
2026-04-17,Amazon,257,152,4,2,1
2026-04-17,TikTok Shop,493,301,11,5,3
2026-04-17,Walmart,188,95,9,3,3
2026-04-18,Shopify,366,218,4,4,1
2026-04-18,Amazon,201,124,4,4,1
2026-04-18,TikTok Shop,502,280,3,2,1
2026-04-18,Walmart,281,173,15,5,4
2026-04-19,Shopify,353,228,12,6,3
2026-04-19,Amazon,261,153,4,4,1
2026-04-19,TikTok Shop,437,259,6,1,1
2026-04-19,Walmart,200,121,6,5,2
2026-04-20,Shopify,376,224,4,4,1
2026-04-20,Amazon,275,138,4,2,1
2026-04-20,TikTok Shop,592,356,11,3,2
2026-04-20,Walmart,128,81,7,4,1
2026-04-21,Shopify,458,265,11,4,2
2026-04-21,Amazon,255,148,14,7,4
2026-04-21,TikTok Shop,618,340,8,3,1
2026-04-21,Walmart,222,118,10,5,3
2026-04-22,Shopify,366,183,8,3,3
2026-04-22,Amazon,284,176,5,4,1
2026-04-22,TikTok Shop,446,239,5,3,1
2026-04-22,Walmart,198,124,7,4,1
2026-04-23,Shopify,484,273,11,4,3
2026-04-23,Amazon,256,142,1,1,0
2026-04-23,TikTok Shop,736,390,14,5,4
2026-04-23,Walmart,167,97,4,3,0
2026-04-24,Shopify,383,246,6,6,2
2026-04-24,Amazon,168,95,8,3,1
2026-04-24,TikTok Shop,636,373,5,2,1
2026-04-24,Walmart,255,160,9,7,3
2026-04-25,Shopify,263,150,7,5,1
2026-04-25,Amazon,224,134,13,8,4
2026-04-25,TikTok Shop,500,309,8,2,2
2026-04-25,Walmart,125,63,4,2,0
2026-04-26,Shopify,387,231,6,3,1
2026-04-26,Amazon,245,156,3,2,1
2026-04-26,TikTok Shop,557,286,1,1,0
2026-04-26,Walmart,239,151,11,4,3
2026-04-27,Shopify,466,270,6,6,2
2026-04-27,Amazon,275,172,10,6,2
2026-04-27,TikTok Shop,644,365,2,2,1
2026-04-27,Walmart,176,93,2,2,0
2026-04-28,Shopify,343,211,7,5,1
2026-04-28,Amazon,234,141,6,4,1
2026-04-28,TikTok Shop,480,261,11,4,3
2026-04-28,Walmart,129,75,2,1,0
2026-04-29,Shopify,421,260,9,4,2
2026-04-29,Amazon,238,142,9,6,2
2026-04-29,TikTok Shop,429,232,6,4,1
2026-04-29,Walmart,215,124,9,4,3
2026-04-30,Shopify,348,184,7,4,1
2026-04-30,Amazon,260,136,13,7,4
2026-04-30,TikTok Shop,723,411,14,4,3
2026-04-30,Walmart,295,181,16,5,4
2026-05-01,Shopify,473,302,12,5,3
2026-05-01,Amazon,287,161,3,3,1
2026-05-01,TikTok Shop,569,348,8,5,1
2026-05-01,Walmart,161,99,11,4,2
2026-05-02,Shopify,381,222,2,1,0
2026-05-02,Amazon,157,96,6,4,0
2026-05-02,TikTok Shop,641,367,9,6,2
2026-05-02,Walmart,229,122,9,6,2
2026-05-03,Shopify,248,154,3,2,0
2026-05-03,Amazon,156,99,3,3,0
2026-05-03,TikTok Shop,548,275,10,4,3
2026-05-03,Walmart,212,119,6,3,2
2026-05-04,Shopify,274,140,3,2,0
2026-05-04,Amazon,309,186,12,4,3
2026-05-04,TikTok Shop,337,178,5,3,0
2026-05-04,Walmart,163,93,7,5,2
2026-05-05,Shopify,296,176,7,5,2
2026-05-05,Amazon,195,109,4,4,0
2026-05-05,TikTok Shop,586,347,5,3,1
2026-05-05,Walmart,144,77,1,1,0
2026-05-06,Shopify,358,197,9,2,2
2026-05-06,Amazon,193,98,1,1,0
2026-05-06,TikTok Shop,600,354,3,2,1
2026-05-06,Walmart,213,111,11,6,4
2026-05-07,Shopify,344,220,5,2,1
2026-05-07,Amazon,207,105,5,4,1
2026-05-07,TikTok Shop,602,354,6,3,1
2026-05-07,Walmart,161,86,7,2,2
2026-05-08,Shopify,429,258,12,5,3
2026-05-08,Amazon,194,114,1,1,0
2026-05-08,TikTok Shop,459,241,2,0,0
2026-05-08,Walmart,160,82,6,3,0
2026-05-09,Shopify,425,240,11,6,2
2026-05-09,Amazon,275,146,10,4,2
2026-05-09,TikTok Shop,662,383,12,2,2
2026-05-09,Walmart,202,119,7,4,1
2026-05-10,Shopify,336,201,9,4,2
2026-05-10,Amazon,217,134,14,6,4
2026-05-10,TikTok Shop,474,287,4,3,0
2026-05-10,Walmart,170,89,7,2,2
2026-05-11,Shopify,457,290,11,5,3
2026-05-11,Amazon,180,112,3,1,0
2026-05-11,TikTok Shop,698,371,13,7,4
2026-05-11,Walmart,296,172,14,5,4
2026-05-12,Shopify,354,221,7,2,1
2026-05-12,Amazon,300,164,5,5,2
2026-05-12,TikTok Shop,449,239,7,3,2
2026-05-12,Walmart,227,121,14,7,3
2026-05-13,Shopify,399,221,4,4,1
2026-05-13,Amazon,270,160,8,4,2
2026-05-13,TikTok Shop,421,271,5,2,0
2026-05-13,Walmart,238,124,11,3,2
2026-05-14,Shopify,382,196,6,3,2
2026-05-14,Amazon,319,187,12,4,3
2026-05-14,TikTok Shop,479,275,5,4,1
2026-05-14,Walmart,149,93,5,2,1
2026-05-15,Shopify,328,175,7,3,1
2026-05-15,Amazon,283,144,5,2,1
2026-05-15,TikTok Shop,461,237,1,1,0
2026-05-15,Walmart,192,119,10,5,2
2026-05-16,Shopify,328,193,10,6,2
2026-05-16,Amazon,196,116,11,5,2
2026-05-16,TikTok Shop,574,294,15,6,4
2026-05-16,Walmart,120,77,4,0,0
2026-05-17,Shopify,405,255,11,7,3
2026-05-17,Amazon,303,173,14,5,4
2026-05-17,TikTok Shop,648,370,7,3,2
2026-05-17,Walmart,180,102,7,4,1
2026-05-18,Shopify,356,195,3,2,0
2026-05-18,Amazon,245,159,12,4,3
2026-05-18,TikTok Shop,443,248,11,5,2
2026-05-18,Walmart,179,102,10,5,2
2026-05-19,Shopify,365,224,5,3,1
2026-05-19,Amazon,191,106,5,4,2
2026-05-19,TikTok Shop,587,368,9,2,2
2026-05-19,Walmart,276,142,19,8,5
2026-05-20,Shopify,375,206,6,1,0
2026-05-20,Amazon,201,129,7,5,1
2026-05-20,TikTok Shop,535,316,7,5,2
2026-05-20,Walmart,159,101,6,3,2
2026-05-21,Shopify,573,319,19,8,6
2026-05-21,Amazon,291,147,7,2,2
2026-05-21,TikTok Shop,381,217,3,1,0
2026-05-21,Walmart,227,124,12,3,2
2026-05-22,Shopify,498,268,10,6,3
2026-05-22,Amazon,252,148,5,1,0
2026-05-22,TikTok Shop,433,277,8,2,1
2026-05-22,Walmart,265,147,13,6,4
2026-05-23,Shopify,507,304,8,6,3
2026-05-23,Amazon,328,174,16,8,5
2026-05-23,TikTok Shop,401,242,1,0,0
2026-05-23,Walmart,165,96,8,5,2
2026-05-24,Shopify,287,149,0,0,0
2026-05-24,Amazon,191,109,5,5,1
2026-05-24,TikTok Shop,436,267,6,3,2
2026-05-24,Walmart,267,163,9,5,3
2026-05-25,Shopify,356,204,7,5,1
2026-05-25,Amazon,200,102,5,5,2
2026-05-25,TikTok Shop,691,411,8,5,3
2026-05-25,Walmart,150,81,2,2,1
2026-05-26,Shopify,372,193,14,4,3
2026-05-26,Amazon,231,133,5,3,1
2026-05-26,TikTok Shop,487,289,4,2,1
2026-05-26,Walmart,149,77,9,2,1
2026-05-27,Shopify,234,143,4,2,0
2026-05-27,Amazon,278,173,15,8,6
2026-05-27,TikTok Shop,571,358,9,2,1
2026-05-27,Walmart,163,96,1,1,0
2026-05-28,Shopify,449,272,16,5,4
2026-05-28,Amazon,237,127,13,6,4
2026-05-28,TikTok Shop,649,394,7,5,2
2026-05-28,Walmart,255,154,15,5,4
2026-05-29,Shopify,253,128,1,1,0
2026-05-29,Amazon,223,133,8,4,3
2026-05-29,TikTok Shop,519,284,1,1,0
2026-05-29,Walmart,203,110,3,2,1
2026-05-30,Shopify,266,150,1,1,0
2026-05-30,Amazon,294,180,9,2,2
2026-05-30,TikTok Shop,619,333,6,6,2
2026-05-30,Walmart,182,118,11,2,2
2026-05-31,Shopify,289,182,4,3,0
2026-05-31,Amazon,203,131,10,6,3
2026-05-31,TikTok Shop,464,250,10,5,2
2026-05-31,Walmart,220,141,11,4,2
2026-06-01,Shopify,508,324,12,4,3
2026-06-01,Amazon,200,117,5,5,2
2026-06-01,TikTok Shop,566,310,4,4,1
2026-06-01,Walmart,163,86,5,1,0
2026-06-02,Shopify,456,246,8,3,2
2026-06-02,Amazon,249,139,14,6,3
2026-06-02,TikTok Shop,670,357,8,3,2
2026-06-02,Walmart,137,77,7,2,1
2026-06-03,Shopify,548,352,12,6,4
2026-06-03,Amazon,200,116,6,5,2
2026-06-03,TikTok Shop,479,306,5,5,1
2026-06-03,Walmart,231,126,9,5,2
2026-06-04,Shopify,327,182,5,5,2
2026-06-04,Amazon,292,172,6,4,2
2026-06-04,TikTok Shop,493,277,1,1,0
2026-06-04,Walmart,173,91,4,1,1
2026-06-05,Shopify,278,171,6,2,1
2026-06-05,Amazon,242,138,0,0,0
2026-06-05,TikTok Shop,423,245,8,3,2
2026-06-05,Walmart,203,125,9,5,3
2026-06-06,Shopify,255,164,1,1,0
2026-06-06,Amazon,312,165,8,7,3
2026-06-06,TikTok Shop,443,259,4,2,1
2026-06-06,Walmart,145,77,3,3,0
2026-06-07,Shopify,456,275,8,5,2
2026-06-07,Amazon,189,101,4,4,1
2026-06-07,TikTok Shop,554,336,8,3,1
2026-06-07,Walmart,158,103,7,1,1
2026-06-08,Shopify,284,155,1,1,0
2026-06-08,Amazon,321,194,12,6,3
2026-06-08,TikTok Shop,391,232,8,3,1
2026-06-08,Walmart,143,74,4,2,1
2026-06-09,Shopify,348,183,14,6,3
2026-06-09,Amazon,237,146,5,5,2
2026-06-09,TikTok Shop,529,295,7,4,1
2026-06-09,Walmart,139,80,3,3,1
2026-06-10,Shopify,446,256,6,3,1
2026-06-10,Amazon,227,131,4,2,1
2026-06-10,TikTok Shop,728,416,13,3,3
2026-06-10,Walmart,106,64,3,3,0
2026-06-11,Shopify,505,280,14,5,3
2026-06-11,Amazon,264,135,1,1,0
2026-06-11,TikTok Shop,497,298,7,4,2
2026-06-11,Walmart,124,75,5,2,0
2026-06-12,Shopify,388,203,14,4,3
2026-06-12,Amazon,266,171,19,10,6
2026-06-12,TikTok Shop,577,307,14,4,4
2026-06-12,Walmart,228,134,5,3,2
2026-06-13,Shopify,480,272,9,3,2
2026-06-13,Amazon,342,197,12,5,5
2026-06-13,TikTok Shop,525,292,4,3,1
2026-06-13,Walmart,187,99,8,5,2
2026-06-14,Shopify,414,264,10,6,3
2026-06-14,Amazon,183,116,4,3,0
2026-06-14,TikTok Shop,390,227,3,3,1
2026-06-14,Walmart,179,115,9,2,2
2026-06-15,Shopify,241,152,2,2,0
2026-06-15,Amazon,185,120,8,2,1
2026-06-15,TikTok Shop,508,303,7,3,1
2026-06-15,Walmart,188,113,11,4,2
2026-06-16,Shopify,229,129,6,3,0
2026-06-16,Amazon,148,83,1,1,0
2026-06-16,TikTok Shop,522,306,11,3,2
2026-06-16,Walmart,111,61,4,4,0
2026-06-17,Shopify,277,152,0,0,0
2026-06-17,Amazon,163,88,4,1,1
2026-06-17,TikTok Shop,593,323,6,4,0
2026-06-17,Walmart,181,105,9,2,2
2026-06-18,Shopify,352,205,0,0,0
2026-06-18,Amazon,217,121,8,4,1
2026-06-18,TikTok Shop,639,382,9,5,3
2026-06-18,Walmart,211,109,8,4,2
2026-06-19,Shopify,410,215,1,1,0
2026-06-19,Amazon,342,216,18,6,5
2026-06-19,TikTok Shop,392,228,3,3,0
2026-06-19,Walmart,219,111,8,2,2
2026-06-20,Shopify,359,196,5,1,1
2026-06-20,Amazon,318,180,16,7,5
2026-06-20,TikTok Shop,395,207,3,3,0
2026-06-20,Walmart,135,83,1,0,0
2026-06-21,Shopify,291,160,6,5,1
2026-06-21,Amazon,222,140,8,6,2
2026-06-21,TikTok Shop,574,356,13,6,3
2026-06-21,Walmart,142,80,6,2,1
2026-06-22,Shopify,317,167,7,2,1
2026-06-22,Amazon,239,143,8,3,2
2026-06-22,TikTok Shop,457,287,1,1,0
2026-06-22,Walmart,194,109,8,2,1
2026-06-23,Shopify,343,189,7,4,1
2026-06-23,Amazon,203,125,4,2,1
2026-06-23,TikTok Shop,485,299,7,2,2
2026-06-23,Walmart,127,70,3,3,1
2026-06-24,Shopify,242,132,4,1,0
2026-06-24,Amazon,274,165,9,6,3
2026-06-24,TikTok Shop,791,500,19,6,5
2026-06-24,Walmart,180,93,9,2,2
2026-06-25,Shopify,414,220,5,5,2
2026-06-25,Amazon,320,191,17,9,6
2026-06-25,TikTok Shop,524,320,7,2,1
2026-06-25,Walmart,203,108,8,2,1
2026-06-26,Shopify,443,234,10,3,2
2026-06-26,Amazon,275,163,7,2,1
2026-06-26,TikTok Shop,445,283,4,3,0
2026-06-26,Walmart,198,106,9,2,1
2026-06-27,Shopify,344,182,4,3,1
2026-06-27,Amazon,216,136,8,1,1
2026-06-27,TikTok Shop,665,362,14,3,3
2026-06-27,Walmart,174,91,6,2,1
2026-06-28,Shopify,443,275,15,7,4
2026-06-28,Amazon,188,94,3,3,1
2026-06-28,TikTok Shop,582,294,9,2,2
2026-06-28,Walmart,191,117,8,4,2
2026-06-29,Shopify,323,173,9,3,1
2026-06-29,Amazon,228,147,9,3,2
2026-06-29,TikTok Shop,536,336,8,6,2
2026-06-29,Walmart,223,144,11,3,2
2026-06-30,Shopify,514,328,16,6,3
2026-06-30,Amazon,337,200,15,5,4
2026-06-30,TikTok Shop,528,312,0,0,0
2026-06-30,Walmart,126,81,2,1,0
2026-07-01,Shopify,320,174,8,2,2
2026-07-01,Amazon,263,153,8,6,2
2026-07-01,TikTok Shop,675,403,10,3,2
2026-07-01,Walmart,161,92,4,1,0
2026-07-02,Shopify,362,191,5,2,1
2026-07-02,Amazon,247,158,0,0,0
2026-07-02,TikTok Shop,676,362,9,5,3
2026-07-02,Walmart,200,130,6,6,2
2026-07-03,Shopify,298,177,6,5,1
2026-07-03,Amazon,298,166,6,3,2
2026-07-03,TikTok Shop,587,330,8,5,2
2026-07-03,Walmart,192,100,11,3,2
2026-07-04,Shopify,348,175,6,1,1
2026-07-04,Amazon,156,85,0,0,0
2026-07-04,TikTok Shop,450,232,5,1,0
2026-07-04,Walmart,222,115,12,5,2
2026-07-05,Shopify,298,182,0,0,0
2026-07-05,Amazon,270,137,7,4,2
2026-07-05,TikTok Shop,700,394,11,6,3
2026-07-05,Walmart,134,68,1,1,0
2026-07-06,Shopify,451,241,9,5,1
2026-07-06,Amazon,253,154,5,0,0
2026-07-06,TikTok Shop,473,239,10,6,2
2026-07-06,Walmart,174,103,8,4,1
2026-07-07,Shopify,228,131,4,0,0
2026-07-07,Amazon,192,108,6,2,0
2026-07-07,TikTok Shop,364,231,3,3,0
2026-07-07,Walmart,190,117,5,2,1
2026-07-08,Shopify,306,181,8,3,1
2026-07-08,Amazon,177,92,6,3,0
2026-07-08,TikTok Shop,380,205,4,0,0
2026-07-08,Walmart,140,80,4,4,0
2026-07-09,Shopify,477,304,14,4,4
2026-07-09,Amazon,304,191,13,5,3
2026-07-09,TikTok Shop,501,283,9,1,1
2026-07-09,Walmart,242,124,9,4,3
2026-07-10,Shopify,292,176,3,1,1
2026-07-10,Amazon,227,129,8,5,2
2026-07-10,TikTok Shop,528,299,6,2,1
2026-07-10,Walmart,205,114,11,6,3
2026-07-11,Shopify,420,236,10,5,2
2026-07-11,Amazon,210,130,11,3,2
2026-07-11,TikTok Shop,586,294,18,8,5
2026-07-11,Walmart,189,103,2,2,1
2026-07-12,Shopify,348,226,11,6,2
2026-07-12,Amazon,217,139,9,4,2
2026-07-12,TikTok Shop,637,377,7,2,1
2026-07-12,Walmart,137,77,6,5,1
2026-07-13,Shopify,393,227,12,5,4
2026-07-13,Amazon,207,131,8,1,1
2026-07-13,TikTok Shop,479,260,3,2,1
2026-07-13,Walmart,167,97,5,2,1
2026-07-14,Shopify,401,205,6,3,2
2026-07-14,Amazon,303,156,9,5,2
2026-07-14,TikTok Shop,686,347,11,6,3
2026-07-14,Walmart,222,125,11,5,2
2026-07-15,Shopify,229,125,4,2,0
2026-07-15,Amazon,175,99,5,5,1
2026-07-15,TikTok Shop,476,252,2,2,0
2026-07-15,Walmart,224,130,12,5,3
2026-07-16,Shopify,449,253,5,4,1
2026-07-16,Amazon,250,146,7,5,1
2026-07-16,TikTok Shop,569,294,5,3,0
2026-07-16,Walmart,150,96,5,3,1
2026-07-17,Shopify,331,173,13,6,3
2026-07-17,Amazon,236,128,13,4,3
2026-07-17,TikTok Shop,519,336,10,5,3
2026-07-17,Walmart,122,69,1,1,0
2026-07-18,Shopify,429,232,11,5,2
2026-07-18,Amazon,257,159,5,4,1
2026-07-18,TikTok Shop,558,294,11,6,2
2026-07-18,Walmart,226,143,13,4,3
2026-07-19,Shopify,375,239,5,1,0
2026-07-19,Amazon,150,92,2,1,0
2026-07-19,TikTok Shop,549,325,6,3,1
2026-07-19,Walmart,222,119,15,5,4
2026-07-20,Shopify,337,186,7,1,1
2026-07-20,Amazon,246,155,6,5,2
2026-07-20,TikTok Shop,645,330,5,5,2
2026-07-20,Walmart,152,77,4,2,0
2026-07-21,Shopify,388,216,6,3,1
2026-07-21,Amazon,228,134,11,3,2
2026-07-21,TikTok Shop,495,248,7,3,1
2026-07-21,Walmart,203,110,6,2,1
2026-07-22,Shopify,371,212,11,7,3
2026-07-22,Amazon,262,168,11,4,3
2026-07-22,TikTok Shop,494,289,5,5,1
2026-07-22,Walmart,155,82,6,3,0
2026-07-23,Shopify,319,206,4,2,0
2026-07-23,Amazon,230,146,4,4,1
2026-07-23,TikTok Shop,525,299,8,1,1
2026-07-23,Walmart,214,128,10,3,2
2026-07-24,Shopify,414,210,6,2,1
2026-07-24,Amazon,252,129,3,3,0
2026-07-24,TikTok Shop,368,237,4,3,0
2026-07-24,Walmart,199,128,9,5,2
2026-07-25,Shopify,413,225,13,4,3
2026-07-25,Amazon,309,182,12,6,3
2026-07-25,TikTok Shop,557,355,8,4,2
2026-07-25,Walmart,196,111,9,2,1
